,date,open,high,low,close,volume,adj_factor
0,2017-01-03,3.7941585365853663,3.9346829268292693,3.7941585365853663,3.841,9932,0.9368292682926831
1,2017-01-04,3.887841463414635,3.9346829268292693,3.841,3.841,4568,0.9368292682926831
2,2017-01-05,3.906398607792208,3.906398607792208,3.6068,3.6068,6986,0.9368311688311688
3,2017-01-06,3.841,3.841,3.841,3.841,1019,0.9368292682926831
4,2017-01-09,3.9347088607594936,4.075234177215189,3.7005,3.7005,6868,0.9368354430379746
5,2017-01-10,3.7942,3.7942,3.700516049382716,3.7942,4862,0.9368395061728395
6,2017-01-12,3.6536415584415582,3.6536415584415582,3.6068,3.6068,1808,0.9368311688311688
7,2017-01-13,3.794183544303797,3.794183544303797,3.7005,3.7005,4801,0.9368354430379746
8,2017-01-17,3.7474,3.7942424999999997,3.7005575,3.7474,13205,0.93685
9,2017-01-18,3.700494974874372,3.7286,3.700494974874372,3.7286,2073,0.9368341708542713
10,2017-01-19,3.7942424999999997,3.7942424999999997,3.7474,3.7474,5447,0.93685
11,2017-01-20,3.6826656266666666,3.7707273333333338,3.5131,3.5131,14441,0.9368266666666667
12,2017-01-23,3.6068,3.6068,3.6068,3.6068,1332,0.9368311688311688
13,2017-01-24,3.6067793548387095,3.700461935483871,3.6067793548387095,3.6302,10851,0.9368258064516128
14,2017-01-26,3.5131849315068497,3.5131849315068497,3.382775506849315,3.4195,9500,0.9368493150684932
15,2017-01-27,3.4663,3.4663,3.4663,3.4663,2711,0.9368378378378378
16,2017-01-30,3.4747315405405406,3.513141891891892,3.4663,3.4663,4479,0.9368378378378378
17,2017-01-31,3.4194173333333335,3.5131,3.4194173333333335,3.5131,3278,0.9368266666666667
18,2017-02-01,3.513157894736842,3.564684210526316,3.513157894736842,3.56,2878,0.9368421052631579
19,2017-02-02,3.6068,3.6068,3.6068,3.6068,500,0.9368311688311688
20,2017-02-03,3.6068,3.6068,3.6068,3.6068,1405,0.9368311688311688
21,2017-02-06,3.606869863013699,3.625606849315069,3.4195,3.4195,2257,0.9368493150684932
22,2017-02-07,3.4241,3.4241,3.4241,3.4241,333,0.936826265389877
23,2017-02-08,3.4663,3.4663,3.4663,3.4663,310,0.9368378378378378
24,2017-02-10,3.5131,3.747306666666667,3.466258666666667,3.5131,3982,0.9368266666666667
25,2017-02-13,3.471,3.471,3.471,3.471,167,0.9368421052631579
26,2017-02-14,3.500017215189873,3.9347088607594936,3.4662911392405062,3.7005,21675,0.9368354430379746
27,2017-02-15,3.6068576923076927,3.7473846153846155,3.6068576923076927,3.6537,21874,0.9368461538461539
28,2017-02-16,3.5131781949087175,3.6434,3.466335818976601,3.6434,1478,0.9368475186423246
29,2017-02-17,3.513173076923077,3.6537,3.513173076923077,3.6537,886,0.9368461538461539
30,2017-02-21,3.513103448275862,3.7004689655172416,3.3725793103448276,3.396,8252,0.9368275862068965
31,2017-02-22,3.513157894736842,3.6536842105263156,3.513157894736842,3.56,2726,0.9368421052631579
32,2017-02-27,3.8410849999999996,3.8410849999999996,3.7005575,3.7474,6598,0.93685
33,2017-02-28,3.6068,3.6068,3.6068,3.6068,404,0.9368311688311688
34,2017-03-01,3.6525934906666664,3.6525934906666664,3.5131,3.5131,1473,0.9368266666666667
35,2017-03-02,3.5131,3.5131,3.466258666666667,3.5131,4571,0.9368266666666667
36,2017-03-03,3.5131,3.5131,3.5131,3.5131,1326,0.9368266666666667
37,2017-03-06,3.513125,3.513125,3.185233333333333,3.3726,9205,0.9368333333333333
38,2017-03-07,3.4616,3.4616,3.4616,3.4616,261,0.9368335588633288
39,2017-03-08,3.606842105263158,3.606842105263158,3.471,3.56,1813,0.9368421052631579
40,2017-03-09,3.5131,3.5131,3.5131,3.5131,404,0.9368266666666667
41,2017-03-10,3.4663,3.4663,3.4663,3.4663,421,0.9368378378378378
42,2017-03-13,3.466342465753425,3.5131849315068497,3.4195,3.4195,2456,0.9368493150684932
43,2017-03-15,3.7005,3.7005,3.6174963797468354,3.7005,8056,0.9368354430379746
44,2017-03-16,3.7005,3.7005,3.7005,3.7005,334,0.9368354430379746
45,2017-03-17,3.7005575,3.7474,3.6537149999999996,3.7474,2096,0.93685
46,2017-03-20,3.6067826666666667,3.6067826666666667,3.5131,3.5131,916,0.9368266666666667
47,2017-03-21,3.7005,3.7005,3.653658227848101,3.7005,1725,0.9368354430379746
48,2017-03-22,3.5599837837837836,3.5599837837837836,3.4663,3.4663,1437,0.9368378378378378
49,2017-03-23,3.4311990384615387,3.6537,3.4311990384615387,3.6537,934,0.9368461538461539
50,2017-03-24,3.424172692307692,3.6537,3.424172692307692,3.6537,2881,0.9368461538461539
51,2017-03-27,3.5131,3.5131,3.5131,3.5131,482,0.9368266666666667
52,2017-03-28,3.5599837837837836,3.6068256756756756,3.4663,3.4663,765,0.9368378378378378
53,2017-03-29,3.6068,3.6068,3.6068,3.6068,2653,0.9368311688311688
54,2017-03-30,3.466345,3.7474,3.466345,3.7474,3765,0.93685
55,2017-03-31,3.7474,3.77082125,3.7005575,3.7474,7996,0.93685
56,2017-04-03,3.6067826666666667,3.6067826666666667,3.5131,3.5131,1360,0.9368266666666667
57,2017-04-04,3.747324675324675,3.747324675324675,3.6068,3.6068,2088,0.9368311688311688
58,2017-04-05,3.7004831168831167,3.7004831168831167,3.569139387012987,3.6068,1167,0.9368311688311688
59,2017-04-06,3.6537,3.7473846153846155,3.6537,3.6537,3205,0.9368461538461539
60,2017-04-07,3.7473334674984904,3.7473334674984904,3.7004917991547592,3.7241,3094,0.9368333668746226
61,2017-04-10,3.7005263157894737,3.7473684210526312,3.7005263157894737,3.7291,1372,0.9368421052631578
62,2017-04-11,3.7663157894736843,3.7970112631578954,3.578,3.578,5016,0.9415789473684211
63,2017-04-12,3.578,3.7663157894736843,3.578,3.578,1602,0.9415789473684211
64,2017-04-13,3.578,3.578,3.578,3.578,613,0.9415789473684211
65,2017-04-17,3.4837662337662336,3.719155844155844,3.4837662337662336,3.625,2729,0.9415584415584415
66,2017-04-18,3.4838,3.5308783783783784,3.4838,3.4838,3895,0.9415675675675675
67,2017-04-20,3.4838421052631583,3.7192368421052633,3.436763157894737,3.578,3736,0.9415789473684211
68,2017-04-21,3.625,3.625,3.625,3.625,1133,0.9415584415584415
69,2017-04-24,3.5309,3.5309,3.5309,3.5309,438,0.9415733333333333
70,2017-04-26,3.6359220779220776,3.6359220779220776,3.625,3.625,1474,0.9415584415584415
71,2017-04-28,3.6721215189873413,3.7192,3.6721215189873413,3.7192,1026,0.9415696202531645
72,2017-05-01,3.6485389610389607,3.672077922077922,3.4366883116883113,3.625,2801,0.9415584415584415
73,2017-05-02,3.4367216216216216,3.5308783783783784,3.4367216216216216,3.4838,4826,0.9415675675675675
74,2017-05-03,3.4838,3.4838,3.4838,3.4838,202,0.9415675675675675
75,2017-05-04,3.5308742216018896,3.5308742216018896,3.4837958986471977,3.5079,6185,0.9415664590938372
76,2017-05-05,3.6250789473684213,3.6250789473684213,3.530921052631579,3.578,923,0.9415789473684211
77,2017-05-09,3.5365494399999995,3.5365494399999995,3.5309,3.5309,782,0.9415733333333333
78,2017-05-11,3.4367,3.483778082191781,3.4367,3.4367,2023,0.9415616438356165
79,2017-05-12,3.4367577464788734,3.4367577464788734,3.3426,3.3426,539,0.9415774647887325
80,2017-05-15,3.3896,3.419918088888889,3.342522222222222,3.3896,6815,0.9415555555555556
81,2017-05-16,3.507339189189189,3.507339189189189,3.4838,3.4838,787,0.9415675675675675
82,2017-05-18,3.4838,3.4838,3.4838,3.4838,554,0.9415675675675675
83,2017-05-19,3.4367426666666665,3.5309,3.389664,3.5309,5025,0.9415733333333333
84,2017-05-22,3.4838,3.5308783783783784,3.4838,3.4838,1031,0.9415675675675675
85,2017-05-23,3.394351081081081,3.4838,3.394351081081081,3.4838,920,0.9415675675675675
86,2017-05-25,3.5309,3.5309,3.4367426666666665,3.5309,2062,0.9415733333333333
87,2017-05-26,3.530921052631579,3.578,3.530921052631579,3.578,1019,0.9415789473684211
88,2017-05-30,3.436763157894737,3.578,3.436763157894737,3.578,1307,0.9415789473684211
89,2017-05-31,3.4837555555555557,3.5779111111111113,3.3896,3.3896,5840,0.9415555555555556
90,2017-06-01,3.5779342465753423,3.5779342465753423,3.4367,3.4367,4658,0.9415616438356165
91,2017-06-02,3.530921052631579,3.578,3.530921052631579,3.578,689,0.9415789473684211
92,2017-06-05,3.561993157894737,3.578,3.530921052631579,3.578,1651,0.9415789473684211
93,2017-06-06,3.5779220779220773,3.625,3.5414837662337657,3.625,3625,0.9415584415584415
94,2017-06-07,3.601461038961039,3.625,3.592233766233766,3.625,1202,0.9415584415584415
95,2017-06-08,3.625,3.625,3.625,3.625,133,0.9415584415584415
96,2017-06-09,3.5779342465753423,3.5779342465753423,3.389621917808219,3.4367,6847,0.9415616438356165
97,2017-06-12,3.4687768421052634,3.578,3.436763157894737,3.578,1306,0.9415789473684211
98,2017-06-13,3.530921052631579,3.578,3.4838421052631583,3.578,2038,0.9415789473684211
99,2017-06-14,3.3896432432432433,3.4838,3.3896432432432433,3.4838,2817,0.9415675675675675
100,2017-06-15,3.530856164383562,3.530856164383562,3.4367,3.4367,1186,0.9415616438356165
101,2017-06-16,3.389621917808219,3.483778082191781,3.3425438356164383,3.4367,5442,0.9415616438356165
102,2017-06-19,3.389621917808219,3.483778082191781,3.389621917808219,3.4367,1523,0.9415616438356165
103,2017-06-20,3.483778082191781,3.483778082191781,3.4367,3.4367,937,0.9415616438356165
104,2017-06-21,3.4838,3.4838,3.4838,3.4838,588,0.9415675675675675
105,2017-06-22,3.3896432432432433,3.5308783783783784,3.3896432432432433,3.4838,2260,0.9415675675675675
106,2017-06-23,3.4367,3.530856164383562,3.389621917808219,3.4367,1933,0.9415616438356165
107,2017-06-26,3.4838,3.4838,3.4367216216216216,3.4838,974,0.9415675675675675
108,2017-06-27,3.4838,3.5308783783783784,3.4367216216216216,3.4838,1525,0.9415675675675675
109,2017-06-29,3.5261705405405404,3.5261705405405404,3.464968648648649,3.4838,1183,0.9415675675675675
110,2017-06-30,3.2955066666666664,3.5309,3.2955066666666664,3.5309,3876,0.9415733333333333
111,2017-07-03,3.5309,3.5309,3.5309,3.5309,606,0.9415733333333333
112,2017-07-05,3.3896266895515983,3.5109,3.3896266895515983,3.5109,1174,0.9415629693198884
113,2017-07-06,3.4602608108108104,3.5308783783783784,3.4572477945945947,3.4838,1046,0.9415675675675675
114,2017-07-07,3.342522222222222,3.5308333333333333,3.2954444444444446,3.3896,5024,0.9415555555555556
115,2017-07-10,3.347520158553546,3.3849,3.347520158553546,3.3849,755,0.9415577190542419
116,2017-07-11,3.4838366197183106,3.4838366197183106,3.3426,3.3426,750,0.9415774647887325
117,2017-07-12,3.483778082191781,3.483778082191781,3.4367,3.4367,2982,0.9415616438356165
118,2017-07-13,3.154231506849315,3.4367,3.154231506849315,3.4367,2906,0.9415616438356165
119,2017-07-14,3.347251643835617,3.4367,3.347251643835617,3.4367,1018,0.9415616438356165
120,2017-07-17,3.3896865520728006,3.3896865520728006,3.3524,3.3524,740,0.9415795977980002
121,2017-07-18,3.342522222222222,3.3896,3.342522222222222,3.3896,485,0.9415555555555556
122,2017-07-19,3.295465753424658,3.4367,3.295465753424658,3.4367,374,0.9415616438356165
123,2017-07-20,3.389621917808219,3.4367,3.3425438356164383,3.4367,899,0.9415616438356165
124,2017-07-21,3.3896,3.3896,3.3896,3.3896,1410,0.9415555555555556
125,2017-07-24,3.4367,3.4367,3.3425438356164383,3.4367,1207,0.9415616438356165
126,2017-07-25,3.4367357142857142,3.4367357142857142,3.2955,3.2955,3090,0.9415714285714286
127,2017-07-26,3.3896,3.4366777777777777,3.2954444444444446,3.3896,1496,0.9415555555555556
128,2017-07-27,3.2954444444444446,3.4366777777777777,3.2954444444444446,3.3896,939,0.9415555555555556
129,2017-07-31,3.3426,3.4367577464788734,3.2484422535211275,3.3426,3816,0.9415774647887325
130,2017-08-01,3.4367357142857142,3.4367357142857142,3.2955,3.2955,512,0.9415714285714286
131,2017-08-02,3.3896,3.3896,3.3896,3.3896,637,0.9415555555555556
132,2017-08-07,3.2013633802816903,3.389678873239437,3.2013633802816903,3.3426,609,0.9415774647887325
133,2017-08-08,3.300229014084507,3.3426,3.300229014084507,3.3426,1624,0.9415774647887325
134,2017-08-09,3.3199364117647057,3.3425338235294118,3.2013,3.2013,2270,0.9415588235294118
135,2017-08-10,3.3425338235294118,3.3425338235294118,3.1542220588235295,3.2013,1502,0.9415588235294118
136,2017-08-11,3.29546875,3.29546875,3.013,3.013,1033,0.9415625
137,2017-08-14,3.2013353846153842,3.2013353846153842,3.0601,3.0601,1210,0.9415692307692307
138,2017-08-15,3.1542900508913427,3.2484479628582483,3.1542900508913427,3.1638,1650,0.9415791196690575
139,2017-08-16,3.1543,3.1543,3.1543,3.1543,202,0.9415820895522388
140,2017-08-17,3.2484,3.2484,3.2484,3.2484,149,0.9415652173913044
141,2017-08-18,3.2484,3.2484,3.2484,3.2484,196,0.9415652173913044
142,2017-08-21,3.2013791044776116,3.248458208955224,3.1543,3.1543,520,0.9415820895522388
143,2017-08-22,3.248458208955224,3.248458208955224,3.1543,3.1543,512,0.9415820895522388
144,2017-08-23,3.2013,3.2013,3.2013,3.2013,402,0.9415588235294118
145,2017-08-24,3.2013,3.2013,3.111851911764706,3.2013,1858,0.9415588235294118
146,2017-08-25,3.201314316025225,3.201314316025225,3.1951,3.1951,535,0.9415630341250663
147,2017-08-28,3.2013353846153842,3.2013353846153842,3.0601,3.0601,2710,0.9415692307692307
148,2017-08-29,3.201357575757576,3.201357575757576,3.1072,3.1072,4914,0.9415757575757577
149,2017-08-30,3.1655776969696974,3.201357575757576,3.1072,3.1072,1467,0.9415757575757577
150,2017-08-31,3.2013353846153842,3.2013353846153842,3.0601,3.0601,6995,0.9415692307692307
151,2017-09-01,3.1900586666666673,3.201357575757576,3.1072,3.1072,2578,0.9415757575757577
152,2017-09-05,3.1542220588235295,3.2483779411764706,3.1071441176470587,3.2013,4788,0.9415588235294118
153,2017-09-06,3.1542434782608697,3.2484,3.1542434782608697,3.2484,1803,0.9415652173913044
154,2017-09-07,3.2484,3.2484,3.2013217391304347,3.2484,4100,0.9415652173913044
155,2017-09-08,3.1542434782608697,3.2484,3.1542434782608697,3.2484,1583,0.9415652173913044
156,2017-09-11,3.2013,3.2013,3.1542220588235295,3.2013,959,0.9415588235294118
157,2017-09-12,3.1542220588235295,3.2013,3.1071441176470587,3.2013,1391,0.9415588235294118
158,2017-09-13,3.1072,3.1072,3.0130424242424247,3.1072,2915,0.9415757575757577
159,2017-09-14,3.1072,3.1542787878787886,3.0190685090909097,3.1072,3911,0.9415757575757577
160,2017-09-15,3.107178461538461,3.107178461538461,3.0130215384615386,3.0601,2373,0.9415692307692307
161,2017-09-18,3.0601212121212127,3.1072,3.0130424242424247,3.1072,6807,0.9415757575757577
162,2017-09-19,3.107178461538461,3.107178461538461,3.0601,3.0601,1700,0.9415692307692307
163,2017-09-20,3.0601212121212127,3.1072,3.0267894303030305,3.1072,2124,0.9415757575757577
164,2017-09-21,3.013,3.1071562499999996,3.013,3.013,2390,0.9415625
165,2017-09-22,3.1072,3.1072,3.0601212121212127,3.1072,1306,0.9415757575757577
166,2017-09-25,3.0540739569230766,3.0601,3.036466612307692,3.0601,1468,0.9415692307692307
167,2017-09-26,3.107178461538461,3.107178461538461,3.0601,3.0601,960,0.9415692307692307
168,2017-09-27,3.013,3.013,2.965921875,3.013,2580,0.9415625
169,2017-09-28,3.013,3.013,3.013,3.013,1408,0.9415625
170,2017-09-29,3.0601,3.0601,2.9659430769230766,3.0601,5271,0.9415692307692307
171,2017-10-02,3.0601212121212127,3.1542787878787886,3.0601212121212127,3.1072,11052,0.9415757575757577
172,2017-10-03,3.154256923076923,3.154256923076923,3.0601,3.0601,4370,0.9415692307692307
173,2017-10-04,3.064849701492537,3.1543,3.064849701492537,3.1543,3977,0.9415820895522388
174,2017-10-05,3.2013,3.2483779411764706,3.0600661764705883,3.2013,13074,0.9415588235294118
175,2017-10-06,3.0600661764705883,3.2013,3.0600661764705883,3.2013,917,0.9415588235294118
176,2017-10-10,3.201293413173653,3.201293413173653,3.107137724550898,3.1448,2280,0.941556886227545
177,2017-10-11,3.201357575757576,3.201357575757576,3.0601212121212127,3.1072,2226,0.9415757575757577
178,2017-10-12,3.1730883076923075,3.2484138461538463,3.0601,3.0601,5913,0.9415692307692307
179,2017-10-13,3.0600661764705883,3.2013,3.0600661764705883,3.2013,1346,0.9415588235294118
180,2017-10-16,3.1542787878787886,3.201357575757576,3.0601212121212127,3.1072,2799,0.9415757575757577
181,2017-10-18,3.2013353846153842,3.3425707692307687,3.0601,3.0601,10487,0.9415692307692307
182,2017-10-19,3.0575,3.0575,3.0575,3.0575,805,0.9415804385316581
183,2017-10-20,3.1072208955223877,3.1543,3.013062686567164,3.1543,2692,0.9415820895522388
184,2017-10-23,3.0130215384615386,3.2484138461538463,3.0130215384615386,3.0601,9005,0.9415692307692307
185,2017-10-24,3.2013,3.2013,3.1490434852941176,3.2013,1776,0.9415588235294118
186,2017-10-25,3.060137096774193,3.060137096774193,2.8624051612903223,2.9189,12481,0.9415806451612903
187,2017-10-26,3.0130215384615386,3.0601,3.0130215384615386,3.0601,651,0.9415692307692307
188,2017-10-27,3.060107142857143,3.2955,3.060107142857143,3.2955,2687,0.9415714285714286
189,2017-10-30,3.2955211267605637,3.3426,3.2955211267605637,3.3426,4130,0.9415774647887325
190,2017-11-01,3.4838421052631583,3.578,3.3426052631578944,3.578,9641,0.9415789473684211
191,2017-11-02,3.4367,3.4367,2.900009863013699,3.4367,4332,0.9415616438356165
192,2017-11-03,3.4366777777777777,3.4366777777777777,3.3067431111111114,3.3896,1343,0.9415555555555556
193,2017-11-06,3.3896,3.4366777777777777,3.3896,3.3896,8769,0.9415555555555556
194,2017-11-07,3.2013,3.2013,3.2013,3.2013,192,0.9415588235294118
195,2017-11-08,3.436713043478261,3.436713043478261,3.2484,3.2484,1350,0.9415652173913044
196,2017-11-09,3.2955,3.2955,3.2955,3.2955,631,0.9415714285714286
197,2017-11-10,3.4367357142857142,3.4367357142857142,3.2955,3.2955,1651,0.9415714285714286
198,2017-11-14,3.4366777777777777,3.5779111111111113,3.342522222222222,3.3896,2326,0.9415555555555556
199,2017-11-15,3.5779342465753423,3.5779342465753423,3.4367,3.4367,962,0.9415616438356165
200,2017-11-16,3.3425438356164383,3.4367,3.3425438356164383,3.4367,911,0.9415616438356165
201,2017-11-17,3.5779111111111113,3.5779111111111113,3.3896,3.3896,1511,0.9415555555555556
202,2017-11-20,3.483846113251359,3.5780041163122065,3.483846113251359,3.5684,3386,0.9415800306084754
203,2017-11-21,3.5308333333333333,3.5779111111111113,3.3896,3.3896,1371,0.9415555555555556
204,2017-11-22,3.5779567567567563,3.5779567567567563,3.4838,3.4838,1159,0.9415675675675675
205,2017-11-24,3.472501189189189,3.4838,3.3896432432432433,3.4838,1177,0.9415675675675675
206,2017-11-27,3.3999571111111115,3.4837555555555557,3.3067431111111114,3.3896,7493,0.9415555555555556
207,2017-11-28,3.4179,3.4179,3.4179,3.4179,633,0.9415702479338843
208,2017-11-29,3.4838,3.4838,3.4746667945945946,3.4838,7374,0.9415675675675675
209,2017-11-30,3.5355411111111112,3.5523008000000003,3.3896,3.3896,3251,0.9415555555555556
210,2017-12-01,3.4461372972972972,3.4838,3.2954864864864866,3.4838,871,0.9415675675675675
211,2017-12-04,3.2954444444444446,3.3896,3.107133333333333,3.3896,1643,0.9415555555555556
212,2017-12-05,3.5196881571428573,3.5196881571428573,3.248421428571429,3.2955,2174,0.9415714285714286
213,2017-12-06,3.4132,3.4132,3.4132,3.4132,35713,0.9415724137931034
214,2017-12-07,3.389657142857143,3.389657142857143,3.2955,3.2955,3822,0.9415714285714286
215,2017-12-08,3.295478260869565,3.295478260869565,3.1542434782608697,3.2484,2077,0.9415652173913044
216,2017-12-11,3.2013791044776116,3.248458208955224,3.013062686567164,3.1543,10036,0.9415820895522388
217,2017-12-12,3.013058064516129,3.1542951612903223,2.9189,2.9189,20459,0.9415806451612903
218,2017-12-13,2.9659,3.012977777777778,2.824666666666667,2.9659,12964,0.9415555555555556
219,2017-12-14,2.9000011764705884,3.2483779411764706,2.9000011764705884,3.2013,5930,0.9415588235294118
220,2017-12-15,3.1957139154929584,3.389678873239437,3.017755774647888,3.3426,10724,0.9415774647887325
221,2017-12-18,3.1071729729729727,3.4838,3.1071729729729727,3.4838,7959,0.9415675675675675
222,2017-12-19,3.201349333333333,3.5309,3.201349333333333,3.5309,5145,0.9415733333333333
223,2017-12-20,3.3896347826086957,3.4837913043478266,3.2248608695652172,3.2484,3102,0.9415652173913044
224,2017-12-21,3.3896103896103895,3.766233766233766,3.3896103896103895,3.625,6287,0.9415584415584415
225,2017-12-22,3.625,3.625,3.3896103896103895,3.625,5695,0.9415584415584415
226,2017-12-26,3.4366777777777777,3.4366777777777777,3.2954444444444446,3.3896,6321,0.9415555555555556
227,2017-12-27,3.3426164179104476,3.3426164179104476,3.1543,3.1543,3386,0.9415820895522388
228,2017-12-28,3.3425707692307687,3.3425707692307687,3.0601,3.0601,9867,0.9415692307692307
229,2017-12-29,3.383585788235294,3.383585788235294,3.1071441176470587,3.2013,2435,0.9415588235294118
230,2018-01-02,3.257829538461538,3.257829538461538,3.0601,3.0601,2331,0.9415692307692307
231,2018-01-03,3.289417029850746,3.289417029850746,3.060141791044776,3.1543,24341,0.9415820895522388
232,2018-01-04,3.154256923076923,3.2013353846153842,3.0601,3.0601,2754,0.9415692307692307
233,2018-01-05,3.0600753424657534,3.4367,3.0600753424657534,3.4367,7551,0.9415616438356165
234,2018-01-08,3.3896955223880596,3.3896955223880596,3.1543,3.1543,12794,0.9415820895522388
235,2018-01-09,3.1542220588235295,3.2373617029411763,3.1542220588235295,3.2013,1969,0.9415588235294118
236,2018-01-10,3.1543,3.1543,3.130760447761194,3.1543,1486,0.9415820895522388
237,2018-01-11,3.107130044843049,3.1542077727952167,3.107130044843049,3.1495,1883,0.9415545590433483
238,2018-01-12,3.1072208955223877,3.1543,3.1072208955223877,3.1543,3732,0.9415820895522388
239,2018-01-16,3.0601212121212127,3.1542787878787886,3.0601212121212127,3.1072,5877,0.9415757575757577
240,2018-01-17,3.107130044843049,3.1495,3.0600523168908818,3.1495,2732,0.9415545590433483
241,2018-01-18,3.1072208955223877,3.1543,3.1072208955223877,3.1543,2275,0.9415820895522388
242,2018-01-19,3.2013474384335305,3.2955047160345172,3.2013474384335305,3.2843,2888,0.941572776009862
243,2018-01-22,3.2891914714285715,3.2955,3.2891914714285715,3.2955,3114,0.9415714285714286
244,2018-01-23,3.2955,3.2955,3.2955,3.2955,1665,0.9415714285714286
245,2018-01-24,3.2484,3.2484,3.2484,3.2484,1694,0.9415652173913044
246,2018-01-25,3.1542111111111115,3.3896,3.1542111111111115,3.3896,421,0.9415555555555556
247,2018-01-29,3.389684210526316,3.6250789473684213,3.389684210526316,3.578,8843,0.9415789473684211
248,2018-01-30,3.5309,3.5309,3.5309,3.5309,1321,0.9415733333333333
249,2018-02-02,3.3896117647058825,3.3896117647058825,3.2013,3.2013,1553,0.9415588235294118
250,2018-02-05,3.295515151515152,3.295515151515152,3.1072,3.1072,8502,0.9415757575757577
251,2018-02-06,3.1543,3.1543,3.1543,3.1543,568,0.9415820895522388
252,2018-02-08,3.1072161290322575,3.1072161290322575,2.9189,2.9189,7085,0.9415806451612903
253,2018-02-09,2.965979032258064,2.965979032258064,2.9189,2.9189,720,0.9415806451612903
254,2018-02-12,3.0601,3.0601,3.0601,3.0601,174,0.9415692307692307
255,2018-02-13,3.0130215384615386,3.107178461538461,3.0130215384615386,3.0601,1869,0.9415692307692307
256,2018-02-14,3.1543,3.1543,3.1543,3.1543,229,0.9415820895522388
257,2018-02-16,3.248421428571429,3.6721285714285714,3.248421428571429,3.2955,7895,0.9415714285714286
258,2018-02-21,3.2483688760806912,3.2672,3.2012910662824203,3.2672,1348,0.9415561959654177
259,2018-02-23,3.3002,3.3002,3.3002,3.3002,508,0.9415691868758915
260,2018-02-26,3.3896,3.3896,3.3896,3.3896,267,0.9415555555555556
261,2018-02-28,3.295478260869565,3.295478260869565,3.1071652173913042,3.2484,5313,0.9415652173913044
262,2018-03-01,3.1542297496318117,3.1966,3.1542297496318117,3.1966,1084,0.9415611192930781
263,2018-03-05,3.0624957462686564,3.1543,3.0624957462686564,3.1543,2451,0.9415820895522388
264,2018-03-06,3.201357575757576,3.201357575757576,3.1072,3.1072,2204,0.9415757575757577
265,2018-03-07,3.2955373134328356,3.2955373134328356,3.1543,3.1543,2146,0.9415820895522388
266,2018-03-09,3.160891074626866,3.248458208955224,3.1543,3.1543,1461,0.9415820895522388
267,2018-03-12,3.2249,3.2955182481751826,3.1542817518248176,3.2249,3280,0.9415766423357664
268,2018-03-13,3.1542787878787886,3.1542787878787886,3.0601212121212127,3.1072,5738,0.9415757575757577
269,2018-03-14,3.1072078907435507,3.1072078907435507,3.0601289833080427,3.1025,1921,0.941578148710167
270,2018-03-15,3.1072,3.1072,3.0177503030303034,3.1072,3556,0.9415757575757577
271,2018-03-16,3.0233571875,3.1071562499999996,3.013,3.013,2809,0.9415625
272,2018-03-19,3.0130215384615386,3.0601,2.9659430769230766,3.0601,2962,0.9415692307692307
273,2018-03-21,3.0601,3.0601,2.9188646153846154,3.0601,1264,0.9415692307692307
274,2018-03-22,2.9189,3.060137096774193,2.9189,2.9189,653,0.9415806451612903
275,2018-03-23,2.942403846153846,3.0601,2.9188646153846154,3.0601,1107,0.9415692307692307
276,2018-03-28,3.1071562499999996,3.1071562499999996,2.91884375,3.013,2254,0.9415625
277,2018-03-29,2.918884848484849,3.1072,2.918884848484849,3.1072,819,0.9415757575757577
278,2018-04-02,3.1543,3.1543,3.1543,3.1543,631,0.9415820895522388
279,2018-04-03,2.965963636363637,3.2484363636363645,2.965963636363637,3.1072,1847,0.9415757575757577
280,2018-04-04,3.2380427826086957,3.2484,3.028073739130435,3.2484,743,0.9415652173913044
281,2018-04-06,3.2421496089552235,3.2421496089552235,3.1543,3.1543,959,0.9415820895522388
282,2018-04-09,3.1747109818181825,3.1747109818181825,2.965963636363637,3.1072,3284,0.9415757575757577
283,2018-04-10,3.0601,3.0601,3.0601,3.0601,606,0.9415692307692307
284,2018-04-11,3.0318578599412342,3.1542620592556316,3.0318578599412342,3.0763,715,0.941570763956905
285,2018-04-12,3.0730002874999998,3.0730002874999998,3.0316,3.0316,545,0.947375
286,2018-04-13,3.0315682539682545,3.0315682539682545,2.960515873015873,2.9842,4376,0.9473650793650794
287,2018-04-16,2.9842,2.9842,2.9842,2.9842,1006,0.9473650793650794
288,2018-04-17,2.9320632258064516,2.9368,2.9320632258064516,2.9368,2947,0.9473548387096773
289,2018-04-18,2.9320632258064516,2.9557470967741932,2.8894322580645158,2.9368,7895,0.9473548387096773
290,2018-04-19,2.9842,2.9842,2.9842,2.9842,366,0.9473650793650794
291,2018-04-20,2.9515,2.9515,2.9515,2.9515,580,0.9473599743219386
292,2018-04-23,2.984164615384615,3.0789,2.984164615384615,3.0789,1762,0.9473538461538461
293,2018-04-25,2.9443901886792454,3.0789150943396226,2.9443901886792454,3.0126,959,0.9473584905660377
294,2018-04-26,3.126267692307692,3.126267692307692,3.0362690769230767,3.0789,5099,0.9473538461538461
295,2018-04-27,2.984164615384615,3.0789,2.8894292307692306,3.0789,3023,0.9473538461538461
296,2018-04-30,3.0789,3.0789,3.0789,3.0789,596,0.9473538461538461
297,2018-05-02,3.0078795454545455,3.1263,3.0078795454545455,3.1263,1805,0.9473636363636364
298,2018-05-07,2.9368785942492015,3.1263546325878595,2.9368785942492015,2.9653,1681,0.9473801916932908
299,2018-05-08,3.078936507936508,3.078936507936508,2.9842,2.9842,1222,0.9473650793650794
300,2018-05-09,2.9368,2.9368,2.9368,2.9368,4426,0.9473548387096773
301,2018-05-11,2.8421,2.8421,2.699995,2.8421,30691,0.9473666666666666
302,2018-05-14,2.8421454545454545,2.8421454545454545,2.5579309090909095,2.6053,4814,0.9473818181818182
303,2018-05-15,2.605263157894737,2.7947368421052636,2.605263157894737,2.7,23290,0.9473684210526316
304,2018-05-16,2.700038181818182,2.700038181818182,2.5105618181818183,2.6053,12072,0.9473818181818182
305,2018-05-17,2.700038181818182,2.700038181818182,2.6053,2.6053,1947,0.9473818181818182
306,2018-05-18,2.6289845454545455,2.6289845454545455,2.6053,2.6053,1474,0.9473818181818182
307,2018-05-21,2.6952687037037037,2.7000055555555553,2.5579,2.5579,1938,0.9473703703703703
308,2018-05-22,2.6999716981132074,2.6999716981132074,2.4252377358490564,2.5105,3519,0.9473584905660377
309,2018-05-23,2.700038181818182,2.700038181818182,2.6053,2.6053,2271,0.9473818181818182
310,2018-05-24,2.6052358490566037,2.6052358490566037,2.5105,2.5105,2166,0.9473584905660377
311,2018-05-25,2.5532,2.5532,2.5532,2.5532,1242,0.9473840445269017
312,2018-05-29,2.5579,2.5579,2.5339315296296294,2.5579,1543,0.9473703703703703
313,2018-05-30,2.699968414403032,2.7947041482417347,2.6838633396504528,2.6994,2236,0.9473573383870287
314,2018-05-31,2.7585110033898306,2.7947,2.605228813559322,2.7947,2966,0.9473559322033899
315,2018-06-01,2.652662068965517,2.7947689655172416,2.5579241379310345,2.7474,4733,0.9473793103448276
316,2018-06-04,2.676346551724138,2.7474,2.676346551724138,2.7474,1569,0.9473793103448276
317,2018-06-05,2.605293103448276,2.7947689655172416,2.605293103448276,2.7474,1976,0.9473793103448276
318,2018-06-06,2.789437318518518,2.789437318518518,2.5579,2.5579,3397,0.9473703703703703
319,2018-06-07,2.580668072727273,2.700038181818182,2.5579309090909095,2.6053,5491,0.9473818181818182
320,2018-06-08,2.5105,2.6052358490566037,2.5105,2.5105,3077,0.9473584905660377
321,2018-06-11,2.557867924528302,2.557867924528302,2.5105,2.5105,1959,0.9473584905660377
322,2018-06-12,2.527622153846154,2.5579384615384617,2.4632,2.4632,6803,0.9473846153846154
323,2018-06-13,2.4726665454545453,2.7237227272727274,2.4584558181818186,2.6053,15115,0.9473818181818182
324,2018-06-14,2.7947425925925926,2.7947425925925926,2.510531481481481,2.5579,3973,0.9473703703703703
325,2018-06-15,2.557872,2.60524,2.3684,2.3684,9256,0.94736
326,2018-06-18,2.3684,2.557872,2.178928,2.3684,4301,0.94736
327,2018-06-19,2.3684374999999998,2.4158062499999997,2.2737,2.2737,2041,0.947375
328,2018-06-20,2.226361224489796,2.406649114285714,2.226361224489796,2.3211,2050,0.9473877551020408
329,2018-06-21,2.415800407331975,2.5579063136456215,2.3258,2.3258,2163,0.9473727087576375
330,2018-06-22,2.4632,2.4632,2.4632,2.4632,1071,0.9473846153846154
331,2018-06-25,2.510504,2.510504,2.3684,2.3684,1472,0.94736
332,2018-06-26,2.4868846153846156,2.5105692307692307,2.4632,2.4632,10464,0.9473846153846154
333,2018-06-27,2.49439888,2.557872,2.3684,2.3684,5414,0.94736
334,2018-06-29,2.2736888888888886,2.5579,2.2736888888888886,2.5579,5046,0.9473703703703703
335,2018-07-02,2.605274509803922,2.605274509803922,2.2736941176470586,2.4158,10041,0.9473725490196079
336,2018-07-03,2.5105372549019607,2.5105372549019607,2.4158,2.4158,1552,0.9473725490196079
337,2018-07-05,2.4395,2.4395,2.4395,2.4395,1234,0.9473786407766989
338,2018-07-06,2.463208163265306,2.515314489795918,2.3211,2.3211,6763,0.9473877551020408
339,2018-07-09,2.463140425531915,2.463140425531915,2.2263,2.2263,11352,0.9473617021276596
340,2018-07-10,2.273730612244898,2.3211,2.273730612244898,2.3211,5354,0.9473877551020408
341,2018-07-11,2.368469387755102,2.368469387755102,2.3211,2.3211,2103,0.9473877551020408
342,2018-07-12,2.2913,2.2913,2.2913,2.2913,316,0.9473662449350865
343,2018-07-13,2.273478869346734,2.273478869346734,2.2263002512562817,2.2623,1091,0.9473618090452263
344,2018-07-16,2.3119055253175,2.3119055253175,2.2976,2.2976,686,0.9473857826158668
345,2018-07-17,2.253888848148148,2.5579,2.253888848148148,2.5579,9874,0.9473703703703703
346,2018-07-18,2.415764150943396,2.557867924528302,2.3210283018867925,2.5105,8280,0.9473584905660377
347,2018-07-19,2.4158,2.4158,2.4158,2.4158,249,0.9473725490196079
348,2018-07-20,2.4632,2.4632,2.3684615384615384,2.4632,4961,0.9473846153846154
349,2018-07-23,2.36845703125,2.4868798828125,2.36845703125,2.4253,6819,0.9473828125
350,2018-07-24,2.4632,2.4632,2.3684615384615384,2.4632,5653,0.9473846153846154
351,2018-07-25,2.2784368749999997,2.2784368749999997,2.2737,2.2737,973,0.947375
352,2018-07-26,2.2262952182952187,2.2784,2.2262952182952187,2.2784,2845,0.9473596673596675
353,2018-07-27,2.4631686274509805,2.4631686274509805,2.4158,2.4158,1362,0.9473725490196079
354,2018-07-30,2.415838245982395,2.415838245982395,2.22636073649358,2.3463,1512,0.9473875474440765
355,2018-07-31,2.321092307692308,2.4632,2.1946164615384616,2.4632,1802,0.9473846153846154
356,2018-08-02,2.2310292452830187,2.5105,2.2310292452830187,2.5105,940,0.9473584905660377
357,2018-08-07,2.2736639999999997,2.463136,2.0841920000000003,2.3684,9318,0.94736
358,2018-08-08,2.3684,2.3684,2.3684,2.3684,524,0.94736
359,2018-08-10,2.4158,2.4631686274509805,2.4158,2.4158,2257,0.9473725490196079
360,2018-08-13,2.2737,2.5105437499999996,2.2737,2.2737,1427,0.947375
361,2018-08-14,2.5105437499999996,2.7473875,2.2737,2.2737,17216,0.947375
362,2018-08-15,2.699967857142857,2.699967857142857,2.6526,2.6526,1107,0.9473571428571429
363,2018-08-16,2.683866603773585,2.683866603773585,2.4356586792452832,2.5105,1355,0.9473584905660377
364,2018-08-20,2.3210627450980397,2.5579058823529413,2.178956862745098,2.4158,4914,0.9473725490196079
365,2018-08-21,2.5419900235294115,2.5419900235294115,2.3210627450980397,2.4158,2188,0.9473725490196079
366,2018-08-22,2.5105,2.5105,2.5105,2.5105,743,0.9473584905660377
367,2018-08-23,2.4632,2.4632,2.4632,2.4632,747,0.9473846153846154
368,2018-08-24,2.4631629629629628,2.5579,2.4631629629629628,2.5579,917,0.9473703703703703
369,2018-08-27,2.3684,2.463136,2.3684,2.3684,2692,0.94736
370,2018-08-28,2.3684,2.3684,2.3684,2.3684,1010,0.94736
371,2018-08-29,2.273730612244898,2.3211,2.226361224489796,2.3211,5779,0.9473877551020408
372,2018-08-30,2.4026315215686274,2.4158,2.4026315215686274,2.4158,1180,0.9473725490196079
373,2018-08-31,2.6053,2.6053,2.6053,2.6053,994,0.9473818181818182
374,2018-09-04,3.031555321760477,3.031555321760477,2.5152435560231456,2.7014,9150,0.947361038050149
375,2018-09-05,2.8421052631578947,2.9842105263157896,2.605263157894737,2.7,5394,0.9473684210526316
376,2018-09-07,2.7473478991596636,2.8184,2.652611764705882,2.8184,5769,0.9473613445378151
377,2018-09-10,2.8894842975206614,2.8894842975206614,2.7947471074380172,2.8658,6380,0.9473719008264464
378,2018-09-11,2.7947368421052636,2.8657894736842104,2.7,2.7,4081,0.9473684210526316
379,2018-09-12,2.605258333333333,2.8421,2.605258333333333,2.8421,1574,0.9473666666666666
380,2018-09-13,2.7947316666666664,2.8421,2.463153333333333,2.8421,2712,0.9473666666666666
381,2018-09-14,2.7237155172413794,2.8421379310344825,2.4631862068965518,2.7474,3061,0.9473793103448276
382,2018-09-17,2.5105216666666665,2.8421,2.321048333333333,2.8421,11347,0.9473666666666666
383,2018-09-18,2.7947,2.7947,2.7947,2.7947,881,0.9473559322033899
384,2018-09-19,2.4631862068965518,2.7474,2.4631862068965518,2.7474,1189,0.9473793103448276
385,2018-09-20,2.7474072727272727,2.7774392763636366,2.349506909090909,2.6053,20330,0.9473818181818182
386,2018-09-21,2.5579384615384617,2.5579384615384617,2.226353846153846,2.4632,9933,0.9473846153846154
387,2018-09-24,2.2736603773584902,2.5105,2.2736603773584902,2.5105,3649,0.9473584905660377
388,2018-09-25,2.451989631372549,2.451989631372549,2.2263254901960785,2.4158,1401,0.9473725490196079
389,2018-09-26,2.2974076923076923,2.4632,2.178984615384615,2.4632,3609,0.9473846153846154
390,2018-09-27,2.439452,2.439452,2.178928,2.3684,9827,0.94736
391,2018-09-28,2.415768,2.415768,2.3684,2.3684,4590,0.94736
392,2018-10-01,2.415830769230769,2.4632,2.2737230769230767,2.4632,2672,0.9473846153846154
393,2018-10-02,2.55794693877551,2.55794693877551,2.3211,2.3211,5868,0.9473877551020408
394,2018-10-03,2.434762762532577,2.557921968419439,2.434762762532577,2.4719,1524,0.9473785068220145
395,2018-10-04,2.463179765852879,2.463179765852879,2.188440484276981,2.371,5590,0.947376833020338
396,2018-10-08,2.5985424952030383,2.5985424952030383,2.2469733093158943,2.4193,3323,0.9473704820456591
397,2018-10-09,2.5389785977859782,2.6363692693726937,2.322123298892989,2.5674,1613,0.9473800738007381
398,2018-10-10,2.5389907692307694,2.5389907692307694,2.430325753846154,2.4632,2943,0.9473846153846154
399,2018-10-11,2.519989891696751,2.6472209602888084,2.519989891696751,2.6242,2322,0.9473646209386282
400,2018-10-12,2.595826181818182,2.8231978181818183,2.415823636363636,2.6053,18022,0.9473818181818182
401,2018-10-15,2.6322037171132027,2.794774318126961,2.6322037171132027,2.7475,2346,0.9473811247888003
402,2018-10-16,2.7473472222222224,2.794715277777778,2.529454166666667,2.7284,7658,0.9473611111111112
403,2018-10-17,2.7947,2.7947,2.775373938983051,2.7947,2212,0.9473559322033899
404,2018-10-18,2.605228813559322,2.8154470949152546,2.3778633898305084,2.7947,7657,0.9473559322033899
405,2018-10-19,2.6526,2.7947035714285717,2.6526,2.6526,2001,0.9473571428571429
406,2018-10-22,2.538987813620072,2.6432,2.5296087168458783,2.6432,2734,0.9473835125448029
407,2018-10-23,2.6431952727272727,2.7474072727272727,2.5295094545454546,2.6053,2911,0.9473818181818182
408,2018-10-24,2.605277777777778,2.832647474747475,2.538961616161616,2.8137,3219,0.9473737373737373
409,2018-10-25,2.8231737373737373,2.8231737373737373,2.7852787878787875,2.8137,4119,0.9473737373737373
410,2018-10-26,2.7852737201365185,2.7852737201365185,2.5768518771331057,2.7758,1762,0.9473720136518771
411,2018-10-29,2.7852974169741698,2.7852974169741698,2.5674,2.5674,1326,0.9473800738007381
412,2018-10-30,2.576805161290322,2.9368,2.576805161290322,2.9368,2979,0.9473548387096773
413,2018-10-31,2.889439285714286,2.889439285714286,2.586285,2.6526,5102,0.9473571428571429
414,2018-11-01,2.5295047970479705,2.7852974169741698,2.5295047970479705,2.5674,3418,0.9473800738007381
415,2018-11-02,2.595752258064516,2.9368,2.595752258064516,2.9368,3097,0.9473548387096773
416,2018-11-05,2.9368,2.9368,2.8420645161290317,2.9368,1313,0.9473548387096773
417,2018-11-06,3.050482580645161,3.410477419354838,2.804170322580645,2.9368,25186,0.9473548387096773
418,2018-11-07,2.9747462857142857,3.382116,2.7540087428571427,3.3158,10046,0.9473714285714285
419,2018-11-08,3.0125990160927207,3.4085,3.0125990160927207,3.4085,3806,0.9473581811612329
420,2018-11-09,3.5999689440993783,3.5999689440993783,3.0505,3.0505,3695,0.9473602484472049
421,2018-11-12,3.1168421052631583,3.24,2.936842105263158,3.24,5553,0.9473684210526316
422,2018-11-13,2.9463260325406755,3.107284486858573,2.80422027534418,3.0278,6584,0.947371714643304
423,2018-11-14,3.0031285211267607,3.0031285211267607,2.6905,2.6905,7006,0.9473591549295776
424,2018-11-15,2.8232,2.8232,2.8232,2.8232,381,0.9473825503355705
425,2018-11-16,2.6621755940594056,2.8705,2.6621755940594056,2.8705,565,0.9473597359735973
426,2018-11-19,2.775814754098361,2.8895,2.775814754098361,2.8895,2820,0.947377049180328
427,2018-11-20,2.908379354838709,2.965883793548387,2.8610116129032255,2.9368,9323,0.9473548387096773
428,2018-11-21,2.91794628975265,2.9288412190812716,2.6811,2.6811,1907,0.9473851590106006
429,2018-11-23,2.7000357142857143,2.8719853571428566,2.7000357142857143,2.7853,1721,0.9473809523809523
430,2018-11-26,2.785263157894737,2.9472631578947373,2.5200000000000005,2.7,28125,0.9473684210526316
431,2018-11-27,2.6525845881310897,2.7350041806908774,2.4725877767936226,2.6739,3235,0.9473516386182463
432,2018-11-28,2.662105263157895,2.7,2.662105263157895,2.7,2417,0.9473684210526316
433,2018-11-29,2.6103095629370627,2.7095,2.6103095629370627,2.7095,1468,0.9473776223776224
434,2018-11-30,2.700047703180212,2.72846925795053,2.4736226501766785,2.6811,6171,0.9473851590106006
435,2018-12-03,2.7063473684210524,2.7063473684210524,2.52,2.52,1340,0.9473684210526315
436,2018-12-04,2.5199529850746267,2.5506471492537313,2.51047947761194,2.5389,2143,0.9473507462686567
437,2018-12-06,2.5389,2.5389,2.5321738097014923,2.5389,2624,0.9473507462686567
438,2018-12-07,2.3867671239669423,2.3867671239669423,2.2926,2.2926,1809,0.9473553719008265
439,2018-12-10,2.219179958677686,2.2926,2.219179958677686,2.2926,3097,0.9473553719008265
440,2018-12-11,2.2480742975206613,2.2926,2.2357586776859506,2.2926,1702,0.9473553719008265
441,2018-12-12,2.2852258978723405,2.2852258978723405,2.2263,2.2263,744,0.9473617021276596
442,2018-12-13,2.282099604255319,2.282099604255319,2.2263,2.2263,1824,0.9473617021276596
443,2018-12-14,2.2737,2.2737,2.2737,2.2737,338,0.947375
444,2018-12-17,2.273710337980391,2.2926579241302276,2.2517311380465803,2.2901,8834,0.9473793074918296
445,2018-12-18,2.2736528925619837,2.2926,2.207338016528926,2.2926,7107,0.9473553719008265
446,2018-12-19,2.219810703862661,2.2658534678111586,2.2074,2.2074,3298,0.9473819742489269
447,2018-12-20,2.2074,2.2074,2.2074,2.2074,246,0.9473819742489269
448,2018-12-21,2.2178212017167382,2.2197159656652357,2.2074,2.2074,4147,0.9473819742489269
449,2018-12-24,2.245273669574011,2.2484,2.123252045674799,2.2484,1326,0.9473728563603422
450,2018-12-26,2.2579135341365464,2.2579135341365464,2.1231,2.1231,1328,0.9473895582329317
451,2018-12-27,2.216878481012658,2.2453,2.216878481012658,2.2453,1919,0.9473839662447257
452,2018-12-28,2.1316087613293053,2.2578,2.1316087613293053,2.2578,1463,0.9473816717019135
453,2018-12-31,2.2736579897870217,2.2926051397019136,2.267215958815959,2.2819,5905,0.9473574957445924
454,2019-01-02,2.3020590361445783,2.3589,2.3020590361445783,2.3589,1788,0.9473493975903614
455,2019-01-03,2.3807118867924526,2.5768150943396226,2.3683962264150944,2.5105,6932,0.9473584905660377
456,2019-01-04,2.5104979126361875,2.898914570817636,2.5104979126361875,2.7912,1292,0.9473577028815803
457,2019-01-07,2.2831441756498543,2.8989299491653746,2.2831441756498543,2.6277,2622,0.9473627284854166
458,2019-01-08,2.7358765849056605,2.7358765849056605,2.3020811320754717,2.5105,6172,0.9473584905660377
459,2019-01-09,2.6457,2.6457,2.6457,2.6457,776,0.9473627672145236
460,2019-01-10,2.3041417591836737,2.3211,2.3041417591836737,2.3211,592,0.9473877551020408
461,2019-01-11,2.4632,2.4632,2.4632,2.4632,1848,0.9473846153846154
462,2019-01-14,2.434687951807229,2.434687951807229,2.311627265060241,2.3589,6270,0.9473493975903614
463,2019-01-15,2.415814606741573,2.5295,2.334529550561798,2.5295,8836,0.9473782771535582
464,2019-01-16,2.3873472,2.3873472,2.3684,2.3684,1880,0.94736
465,2019-01-17,2.4820832,2.5294512,2.31345312,2.3684,6010,0.94736
466,2019-01-18,2.3305642151481885,2.671622392974753,2.3305642151481885,2.5892,3080,0.9473838272960117
467,2019-01-22,2.463163346613546,2.463163346613546,2.3779,2.3779,1584,0.9473705179282869
468,2019-01-24,2.557914893617022,2.6716,2.444229787234043,2.6716,3837,0.9473758865248229
469,2019-01-25,2.4157894736842103,2.534210526315789,2.3968421052631577,2.52,5856,0.9473684210526315
470,2019-01-29,2.5171,2.5171,2.5171,2.5171,212,0.9473822876284392
471,2019-01-30,2.3683794466403163,2.425220553359684,2.3683794466403163,2.3968,4547,0.9473517786561265
472,2019-01-31,2.5105675725642445,2.5622,2.5105675725642445,2.5622,6636,0.9473839896468847
473,2019-02-01,2.5118,2.5118,2.5118,2.5118,2079,0.9473843020405085
474,2019-02-04,2.699778385714286,2.699778385714286,2.6526,2.6526,3116,0.9473571428571429
475,2019-02-06,2.4197,2.4197,2.4197,2.4197,672,0.9473787244038997
476,2019-02-07,2.425217910447761,2.6554241417910447,2.425217910447761,2.5389,12734,0.9473507462686567
477,2019-02-11,2.5578837209302323,2.5578837209302323,2.442115798449612,2.4442,2361,0.9473643410852712
478,2019-02-13,2.4421680615384616,2.4632,2.4421680615384616,2.4632,2330,0.9473846153846154
479,2019-02-14,2.5929315384615386,2.5957736263736266,2.5863,2.5863,2879,0.9473626373626374
480,2019-02-20,2.482126235741445,2.600548288973384,2.4402521977186313,2.4916,5974,0.9473764258555134
481,2019-02-22,2.531308192526117,2.7025,2.5268555002453903,2.7025,4229,0.9473813363247565
482,2019-02-25,2.756869518525148,2.756869518525148,2.6465,2.6465,1211,0.9473778414175766
483,2019-02-26,2.6431264285714287,2.6526,2.6431264285714287,2.6526,981,0.9473571428571429
484,2019-02-28,2.7379,2.7379,2.7379,2.7379,2159,0.9473702422145328
485,2019-03-01,2.700042009452127,2.718989672676352,2.658357150358831,2.7062,5005,0.9473831612112725
486,2019-03-04,2.703789473684211,2.718947368421053,2.7,2.7,8437,0.9473684210526316
487,2019-03-07,2.561684210526316,2.576842105263158,2.52,2.52,1520,0.9473684210526315
488,2019-03-08,2.3778844961240306,2.5484100775193794,2.3778844961240306,2.4442,12628,0.9473643410852712
489,2019-03-11,2.3875,2.3875,2.3875,2.3875,1061,0.9473830403555416
490,2019-03-12,2.3874,2.396873809523809,2.3874,2.3874,1690,0.9473809523809523
491,2019-03-13,2.377899629629629,2.5673737037037037,2.1884255555555554,2.5579,5848,0.9473703703703703
492,2019-03-15,2.557880136986302,2.7663,2.557880136986302,2.7663,9243,0.9473630136986302
493,2019-03-19,2.6905738515901056,2.718995406360424,2.6621522968197877,2.6811,2025,0.9473851590106006
494,2019-03-20,2.7474,2.7474,2.7474,2.7474,1267,0.9473793103448276
495,2019-03-21,2.7568474048442906,2.7663211072664358,2.7379,2.7379,1018,0.9473702422145328
496,2019-03-22,2.5105,2.5105,2.5105,2.5105,101,0.9473584905660377
497,2019-03-25,2.5011,2.5011,2.5011,2.5011,121,0.9473863636363636
498,2019-03-26,2.44424765625,2.5342490234375,2.415826171875,2.4253,3226,0.9473828125
499,2019-03-27,2.463173745173745,2.463173745173745,2.4537,2.4537,1654,0.9473745173745174
500,2019-03-28,2.3874,2.3874,2.3874,2.3874,373,0.9473809523809523
501,2019-03-29,2.4631686274509805,2.4631686274509805,2.4158,2.4158,1211,0.9473725490196079
502,2019-04-01,2.46318407960199,2.4755,2.46318407960199,2.4755,5738,0.9473784921546115
503,2019-04-02,2.4442262548262548,2.553174324324324,2.4062365366795366,2.4537,20043,0.9473745173745174
504,2019-04-03,2.4537,2.567384942084942,2.3306360501930503,2.4537,20862,0.9473745173745174
505,2019-04-04,2.472700396226415,2.5199735849056606,2.425143,2.5105,6213,0.9473584905660377
506,2019-04-05,2.5105,2.5105,2.5105,2.5105,1,0.9473584905660377
507,2019-04-08,2.4986225238095234,2.4986225238095234,2.3874,2.3874,3206,0.9473809523809523
508,2019-04-09,2.463735319148936,2.463735319148936,2.2441,2.2441,9478,0.9549361702127659
509,2019-04-10,2.2441552419354838,2.387399193548387,2.2441552419354838,2.3683,9996,0.9549596774193548
510,2019-04-11,2.3568818838174277,2.3568818838174277,2.2727518672199167,2.3014,1798,0.9549377593360996
511,2019-04-12,2.205883114082381,2.214,2.1963338365322405,2.214,1906,0.9549277550140177
512,2019-04-15,2.2059,2.2059,2.2059,2.2059,3479,0.954935064935065
513,2019-04-16,2.3396495901639347,2.3396495901639347,2.3301,2.3301,3102,0.9549590163934426
514,2019-04-17,2.339596234309624,2.358694979079498,2.2823,2.2823,2569,0.9549372384937239
515,2019-04-18,2.3396,2.3396,2.3396,2.3396,1826,0.954938775510204
516,2019-04-22,2.3873540856031132,2.463749416342413,2.3873540856031132,2.4542,2924,0.9549416342412452
517,2019-04-23,2.5664,2.5664,2.5664,2.5664,1159,0.9549395348837209
518,2019-04-24,2.3873456790123453,2.3873456790123453,2.3205,2.3205,5138,0.9549382716049382
519,2019-04-25,2.3343510933354774,2.4732948790095666,2.3300538628507117,2.3757,2739,0.9549401077257015
520,2019-04-26,2.3757,2.3757,2.3757,2.3757,329,0.9549401077257015
521,2019-04-29,2.2568,2.2568,2.2568,2.2568,215,0.9549358947234798
522,2019-04-30,2.3396504065040653,2.34929549593496,2.3396504065040653,2.3492,1466,0.954959349593496
523,2019-05-01,2.3492,2.3492,2.3492,2.3492,61,0.954959349593496
524,2019-05-02,2.416049603174603,2.4255992063492062,2.358751984126984,2.4065,2533,0.9549603174603174
525,2019-05-03,2.4065,2.4065,2.4065,2.4065,139,0.9549603174603174
526,2019-05-06,2.396897570850202,2.425545748987854,2.3109530364372466,2.3587,6255,0.9549392712550606
527,2019-05-07,2.2441,2.2441,2.2441,2.2441,460,0.9549361702127659
528,2019-05-08,2.3510528510638298,2.3510528510638298,2.2441,2.2441,1282,0.9549361702127659
529,2019-05-10,2.3968942527812356,2.3968942527812356,2.368246114301779,2.3777,1054,0.9549379493152335
530,2019-05-13,2.3384,2.3384,2.3384,2.3384,126,0.9549556907746968
531,2019-05-14,2.3384,2.3384,2.3384,2.3384,46,0.9549556907746968
532,2019-05-16,2.3395922746781115,2.3395922746781115,2.225,2.225,1413,0.9549356223175965
533,2019-05-17,2.225,2.225,2.225,2.225,21,0.9549356223175965
534,2019-05-21,2.1763441592920354,2.396938938053097,2.1582,2.1582,15624,0.9549557522123894
535,2019-05-22,2.1391089430894312,2.3492,2.1391089430894312,2.3492,1074,0.954959349593496
536,2019-05-23,2.3492,2.3492,2.3492,2.3492,4,0.954959349593496
537,2019-05-24,2.3109553784860557,2.3969,2.3109553784860557,2.3969,680,0.9549402390438247
538,2019-05-28,2.3257,2.3257,2.3257,2.3257,105,0.9549560647121622
539,2019-05-31,2.387351536671973,2.387351536671973,2.3396045059385333,2.3397,800,0.9549406146687891
540,2019-06-03,2.3395768076109937,2.3395768076109937,2.188214334038055,2.2585,849,0.954968287526427
541,2019-06-04,2.2585,2.2585,2.2585,2.2585,16,0.954968287526427
542,2019-06-06,2.3014024489795917,2.3396,2.3014024489795917,2.3396,313,0.954938775510204
543,2019-06-07,2.3396,2.3396,2.3396,2.3396,528,0.954938775510204
544,2019-06-10,2.215457959183673,2.3396,2.215457959183673,2.3396,578,0.954938775510204
545,2019-06-11,2.215457959183673,2.3396,2.196359183673469,2.3396,3126,0.954938775510204
546,2019-06-12,2.2823520491803277,2.3301,2.2823520491803277,2.3301,1247,0.9549590163934426
547,2019-06-13,2.3301,2.3301,2.3301,2.3301,1,0.9549590163934426
548,2019-06-14,2.1486486486486482,2.3014414414414412,2.1009009009009008,2.1306,6182,0.9549549549549549
549,2019-06-17,2.225003765690377,2.2823,2.225003765690377,2.2823,1009,0.9549372384937239
550,2019-06-18,2.349149387755102,2.349149387755102,2.139062857142857,2.3396,6248,0.954938775510204
551,2019-06-19,2.3683,2.3683,2.330101612903226,2.3683,2536,0.9549596774193548
552,2019-06-20,2.3587504032258066,2.3683,2.3587504032258066,2.3683,1492,0.9549596774193548
553,2019-06-21,2.3969,2.3969,2.3959450597609564,2.3969,1228,0.9549402390438247
554,2019-06-24,2.23456015936255,2.3969,2.23456015936255,2.3969,610,0.9549402390438247
555,2019-06-25,2.396898795180723,2.396898795180723,2.3778,2.3778,403,0.9549397590361446
556,2019-06-26,2.3778,2.3778,2.3778,2.3778,85,0.9549397590361446
557,2019-06-27,2.377801195219124,2.4159988047808763,2.377801195219124,2.3969,1833,0.9549402390438247
558,2019-06-28,2.3396,2.377797551020408,2.3396,2.3396,605,0.954938775510204
559,2019-07-01,2.3205487500000004,2.3205487500000004,2.2919,2.2919,530,0.9549583333333334
560,2019-07-02,2.215516687790452,2.282364174059992,2.212938284748627,2.2604,2366,0.9549640895648501
561,2019-07-03,2.3682618967262905,2.3682618967262905,2.2636,2.2636,1293,0.954944313196085
562,2019-07-05,2.1677075313807532,2.291849372384937,2.1677075313807532,2.2823,3212,0.9549372384937239
563,2019-07-08,2.330048132780083,2.330048132780083,2.3014,2.3014,473,0.9549377593360996
564,2019-07-09,2.3014,2.3014,2.3014,2.3014,1,0.9549377593360996
565,2019-07-10,2.2297720524017466,2.3013921397379913,2.158151965065502,2.1868,2449,0.9549344978165938
566,2019-07-11,2.2393213973799124,2.2393213973799124,2.1868,2.1868,862,0.9549344978165938
567,2019-07-12,2.282293449781659,2.282293449781659,2.1868,2.1868,1290,0.9549344978165938
568,2019-07-15,2.1868181620682163,2.201619769715403,2.1868181620682163,2.1978,1738,0.9549424288507495
569,2019-07-16,2.1486735993208828,2.2727236884550086,2.1486735993208828,2.2499,1699,0.9549660441426145
570,2019-07-17,2.291850622406639,2.3014,2.291850622406639,2.3014,429,0.9549377593360996
571,2019-07-18,2.3014,2.3014,2.3014,2.3014,132,0.9549377593360996
572,2019-07-22,2.3205316956890636,2.3636,2.3205316956890636,2.3636,1526,0.9549513150983799
573,2019-07-23,2.3587504032258066,2.3683,2.3492008064516128,2.3683,1659,0.9549596774193548
574,2019-07-24,2.2059,2.2059,2.2059,2.2059,549,0.954935064935065
575,2019-07-26,2.2775201298701298,2.2775201298701298,2.2059,2.2059,691,0.954935064935065
576,2019-07-29,2.377849596774194,2.377849596774194,2.255423766129032,2.3683,672,0.9549596774193548
577,2019-07-30,2.299537966101695,2.3682949152542374,2.2441504237288137,2.2537,3213,0.9549576271186441
578,2019-07-31,2.3682417021276594,2.3682417021276594,2.2441,2.2441,2367,0.9549361702127659
579,2019-08-01,2.2441,2.2441,2.2441,2.2441,877,0.9549361702127659
580,2019-08-02,2.2441,2.2441,2.2441,2.2441,837,0.9549361702127659
581,2019-08-05,2.1338760341151386,2.2394,2.1338760341151386,2.2394,1160,0.9549680170575692
582,2019-08-06,2.2173538116591933,2.282289237668162,2.0244573991031394,2.1295,8601,0.9549327354260091
583,2019-08-07,2.2631069958506225,2.3299526390041496,2.2631069958506225,2.3014,1021,0.9549377593360996
584,2019-08-08,2.3587479338842976,2.3587479338842976,2.311,2.311,774,0.9549586776859504
585,2019-08-09,2.14865625,2.3109991666666665,2.14865625,2.2919,1194,0.9549583333333334
586,2019-08-12,2.339601214574899,2.3587,2.339601214574899,2.3587,281,0.9549392712550606
587,2019-08-13,2.3587441860465117,2.377843329253366,2.3406,2.3406,1388,0.9549571603427172
588,2019-08-14,2.148653846153846,2.2823478632478635,2.148653846153846,2.2346,1540,0.954957264957265
589,2019-08-15,2.282301244813278,2.3014,2.282301244813278,2.3014,365,0.9549377593360996
590,2019-08-16,2.3014,2.3014,2.3014,2.3014,48,0.9549377593360996
591,2019-08-19,2.2919,2.2919,2.2919,2.2919,322,0.9549583333333334
592,2019-08-20,2.287459135802469,2.391929382716049,2.250503024691358,2.3205,13825,0.9549382716049382
593,2019-08-21,2.272762162162162,2.4733,2.272762162162162,2.4733,16269,0.954942084942085
594,2019-08-22,2.5269712150943398,2.5306,2.5269712150943398,2.5306,558,0.9549433962264152
595,2019-08-23,2.568776824034335,2.67,2.473283261802575,2.67,3521,0.9549356223175967
596,2019-08-26,2.5974505494505498,2.607,2.482857142857143,2.607,4273,0.954945054945055
597,2019-08-27,2.6213718045112784,2.664345112781955,2.5402,2.5402,1555,0.9549624060150376
598,2019-08-28,2.6452048014341947,2.658383078062278,2.4503,2.4503,1679,0.9549475817451966
599,2019-08-29,2.4447058823529413,2.712095588235294,2.4447058823529413,2.5975,5388,0.9549632352941176
600,2019-08-30,2.4542480158730156,2.626140873015873,2.3492023809523808,2.4065,10073,0.9549603174603174
601,2019-09-03,2.3014114942528736,2.5305977011494254,2.3014114942528736,2.4924,3437,0.9549425287356322
602,2019-09-04,2.7215489481481474,2.7215489481481474,2.5784,2.5784,300,0.9549629629629628
603,2019-09-05,2.5784,2.5784,2.5784,2.5784,120,0.9549629629629628
604,2019-09-06,2.6261,2.6261,2.6261,2.6261,381,0.9549454545454545
605,2019-09-09,2.6261,2.6261,2.6261,2.6261,7,0.9549454545454545
606,2019-09-11,2.4351,2.4351,2.4351,2.4351,116,0.9549411764705882
607,2019-09-12,2.6929970802919705,2.6929970802919705,2.6166,2.6166,992,0.954963503649635
608,2019-09-13,2.6127801459854014,2.6166,2.5545273722627733,2.6166,2216,0.954963503649635
609,2019-09-16,2.616549450549451,2.616549450549451,2.43510989010989,2.607,3139,0.954945054945055
610,2019-09-17,2.6166,2.6166,2.5306532846715326,2.6166,1873,0.954963503649635
611,2019-09-18,2.616603521126761,2.7121,2.578404929577465,2.7121,3073,0.9549647887323944
612,2019-09-19,2.6356962406015034,2.7789406015037597,2.492451879699248,2.5402,3645,0.9549624060150376
613,2019-09-20,2.817073705179283,2.817073705179283,2.3969,2.3969,7068,0.9549402390438247
614,2019-09-23,2.5688518248175183,2.626149635036496,2.5593021897810218,2.6166,2638,0.954963503649635
615,2019-09-24,2.5783984962406015,2.616596992481203,2.5067763157894736,2.5402,1885,0.9549624060150376
616,2019-09-25,2.515709342960289,2.6547494584837543,2.515709342960289,2.6452,1004,0.9549458483754513
617,2019-09-26,2.6452,2.6452,2.6452,2.6452,114,0.9549458483754513
618,2019-10-01,2.4988,2.4988,2.4988,2.4988,746,0.9549432491305845
619,2019-10-02,2.4828968253968253,2.5974920634920635,2.4065,2.4065,1921,0.9549603174603174
620,2019-10-03,2.4065,2.4065,2.4065,2.4065,286,0.9549603174603174
621,2019-10-04,2.5306382301448354,2.5306382301448354,2.4,2.4,4310,0.9549578226961642
622,2019-10-07,2.3969495999999997,2.454533688,2.3874,2.3874,1952,0.95496
623,2019-10-08,2.38741603402361,2.4026,2.38741603402361,2.4026,1860,0.954966413609444
624,2019-10-09,2.4026,2.4026,2.4026,2.4026,127,0.954966413609444
625,2019-10-10,2.3874,2.3874,2.3874,2.3874,225,0.95496
626,2019-10-11,2.4156191999999996,2.4351,2.4156191999999996,2.4351,1300,0.9549411764705882
627,2019-10-14,2.3874,2.3874,2.3874,2.3874,1591,0.95496
628,2019-10-15,2.2537016666666667,2.320166766666667,2.20595375,2.2919,6521,0.9549583333333334
629,2019-10-16,2.196360323886639,2.3587,2.177261538461538,2.3587,3556,0.9549392712550606
630,2019-10-17,2.40649756097561,2.40649756097561,2.3492,2.3492,451,0.954959349593496
631,2019-10-18,2.2593398639999998,2.3874,2.2305000720000003,2.3874,910,0.95496
632,2019-10-21,2.253708519627548,2.339655030969277,2.1868612330284263,2.3281,4962,0.9549612371303171
633,2019-10-22,2.2095247466666668,2.349136,2.1486,2.1486,10606,0.9549333333333334
634,2019-10-23,2.2440960698689953,2.2440960698689953,2.0817572052401747,2.1868,4021,0.9549344978165938
635,2019-10-24,2.1868,2.1868,2.1868,2.1868,31,0.9549344978165938
636,2019-10-25,2.1008493150684933,2.1008493150684933,2.034004109589041,2.0913,1843,0.954931506849315
637,2019-10-28,2.081797169811321,2.119995283018868,1.9290047169811322,2.0245,2317,0.9549528301886793
638,2019-10-29,2.1486,2.1486,2.024458666666667,2.1486,1615,0.9549333333333334
639,2019-10-30,2.024458666666667,2.1486,2.014909333333333,2.1486,1654,0.9549333333333334
640,2019-10-31,2.1772466367713004,2.1772466367713004,2.1295,2.1295,4645,0.9549327354260091
641,2019-11-01,2.0149808698711467,2.186779475790492,2.0149808698711467,2.1715,674,0.9549672369057567
642,2019-11-04,2.234539726027397,2.234539726027397,2.0149054794520547,2.0913,5971,0.954931506849315
643,2019-11-05,2.1772991150442476,2.1772991150442476,2.0054070796460177,2.1582,4781,0.9549557522123894
644,2019-11-06,2.1008877551020406,2.1008877551020406,1.8573757653061225,1.8717,9262,0.9549489795918367
645,2019-11-07,1.8716911055862804,1.8821,1.8143944390887412,1.8821,4120,0.9549444416256533
646,2019-11-08,1.771478371360698,1.8622009833710842,1.7285045025136732,1.7286,5877,0.9549748632672227
647,2019-11-11,1.8144353466609953,1.833534666099532,1.7284884091875798,1.7961,3694,0.9549659719268396
648,2019-11-12,1.7380357549533136,1.8335322250056934,1.5854323958096104,1.6773,11002,0.9549647005237987
649,2019-11-13,1.6806826666666665,1.71888,1.4324,1.4324,4710,0.9549333333333333
650,2019-11-14,1.629123375,1.632943125,1.5279,1.5279,1761,0.9549375
651,2019-11-15,1.6234514285714285,1.6712,1.6234514285714285,1.6712,13205,0.9549714285714286
652,2019-11-18,1.6711942675159235,1.6711942675159235,1.4993,1.4993,3287,0.954968152866242
653,2019-11-19,1.5279069767441862,1.6520494186046513,1.5279069767441862,1.6425,6395,0.9549418604651163
654,2019-11-20,1.6902109947643982,1.8239,1.6711125654450263,1.8239,1705,0.9549214659685865
655,2019-11-21,1.7093605,1.9099,1.3942269999999999,1.9099,3576,0.95495
656,2019-11-22,1.909846153846154,1.909846153846154,1.7188615384615387,1.8621,3900,0.954923076923077
657,2019-11-25,1.8334896551724136,1.8334896551724136,1.6616,1.6616,5462,0.9549425287356321
658,2019-11-26,1.8143816910640156,1.8143816910640156,1.7483,1.7483,757,0.9549377321389556
659,2019-11-27,1.5565684999999998,1.9099,1.5565684999999998,1.9099,824,0.95495
660,2019-11-29,1.5566039548022597,1.6915414632768362,1.527954802259887,1.6903,6178,0.9549717514124293
661,2019-12-02,1.7475945454545458,1.7475945454545458,1.5757,1.5757,5262,0.9549696969696971
662,2019-12-03,1.413358659217877,1.7284994413407824,1.413358659217877,1.7094,4443,0.9549720670391062
663,2019-12-04,1.6233684210526316,1.7093114551083592,1.4419331269349847,1.5422,11203,0.9549226006191951
664,2019-12-05,1.6234451612903225,1.6234451612903225,1.4802,1.4802,9005,0.9549677419354838
665,2019-12-06,1.6234132653061224,1.9098979591836733,1.6234132653061224,1.8717,11965,0.9549489795918367
666,2019-12-09,1.9003504999999998,1.9099,1.667629185,1.9099,4772,0.95495
667,2019-12-10,1.909899658632461,1.909899658632461,1.6729766059791042,1.8463,1267,0.9549498293162305
668,2019-12-11,1.6387779943181817,1.9815071022727275,1.6387779943181817,1.6807,3710,0.9549431818181818
669,2019-12-12,2.0530846153846154,2.0530846153846154,1.6424676923076924,1.8621,10095,0.954923076923077
670,2019-12-13,1.8334523076923077,1.9289446153846155,1.7093123076923078,1.8621,6082,0.954923076923077
671,2019-12-16,1.690252747252747,1.757098901098901,1.6807032967032967,1.738,6928,0.9549450549450549
672,2019-12-17,1.7188097684210528,1.9098947368421053,1.6712533894736843,1.8144,3989,0.9549473684210527
673,2019-12-18,1.7475483333333335,1.804845,1.7189,1.7189,10886,0.9549444444444445
674,2019-12-19,1.7857827053344626,1.8048819856054192,1.7666834250635057,1.8045,3622,0.9549640135478409
675,2019-12-20,1.9156757837837834,1.9156757837837834,1.7571502702702702,1.7667,5076,0.9549729729729729
676,2019-12-23,1.8430034444444445,1.8430034444444445,1.7667010582010585,1.8049,1034,0.954973544973545
677,2019-12-24,1.7667010582010585,1.8049,1.7289796031746032,1.8049,1748,0.954973544973545
678,2019-12-26,1.6902568421052633,1.8144,1.6902568421052633,1.8144,5946,0.9549473684210527
679,2019-12-27,1.8144486486486484,1.8144486486486484,1.738814789189189,1.7667,3502,0.9549729729729729
680,2019-12-30,1.7666536458333335,1.8335,1.7666536458333335,1.8335,711,0.9549479166666667
681,2019-12-31,1.843003045685279,1.8812,1.7666091370558377,1.8812,3392,0.9549238578680203
682,2020-01-02,1.9003,2.0042912914572866,1.9003,1.9003,2369,0.9549246231155779
683,2020-01-03,1.6902632352941176,1.9862980392156864,1.6902632352941176,1.9481,2586,0.9549509803921569
684,2020-01-06,1.9098924731182794,1.9098924731182794,1.771425268817204,1.7762,2015,0.9549462365591397
685,2020-01-07,1.7761929131668241,1.8913589697947373,1.7167,1.7167,2998,0.9549424264337764
686,2020-01-08,1.8621473684210526,1.9098947368421053,1.7666526315789475,1.8144,5653,0.9549473684210527
687,2020-01-09,1.7189032258064514,1.9098924731182794,1.7189032258064514,1.7762,1851,0.9549462365591397
688,2020-01-10,1.8335039999999998,1.9099,1.8335039999999998,1.9099,8432,0.95495
689,2020-01-13,1.738008080808081,2.119987878787879,1.738008080808081,1.8908,2387,0.954949494949495
690,2020-01-14,1.7379641791044778,1.9957940298507464,1.7379641791044778,1.9194,2240,0.9549253731343285
691,2020-01-15,1.8239,1.8239,1.8239,1.8239,632,0.9549214659685865
692,2020-01-16,1.8466772210526317,1.8466772210526317,1.8144,1.8144,539,0.9549473684210527
693,2020-01-17,1.8144,1.8144,1.8144,1.8144,229,0.9549473684210527
694,2020-01-21,1.7380042105263158,1.9098947368421053,1.7284547368421053,1.8144,2417,0.9549473684210527
695,2020-01-22,1.7666526315789475,1.9098947368421053,1.7666526315789475,1.8144,4508,0.9549473684210527
696,2020-01-23,1.7666505376344086,1.8621451612903224,1.7666505376344086,1.7762,2074,0.9549462365591397
697,2020-01-24,1.8812463157894737,1.8812463157894737,1.8144,1.8144,2600,0.9549473684210527
698,2020-01-27,1.6998011111111113,1.8812405555555556,1.6998011111111113,1.7189,1117,0.9549444444444445
699,2020-01-28,1.7284107692307693,1.909846153846154,1.7284107692307693,1.8621,4667,0.954923076923077
700,2020-01-29,2.119990099009901,2.1295396039603958,1.7380099009900989,1.9289999999999998,4927,0.9549504950495049
701,2020-01-30,1.7761677725118483,2.1199421800947866,1.7761677725118483,2.0149,2243,0.9549289099526066
702,2020-01-31,1.8143710407239817,2.1294986425339366,1.8143710407239817,2.1104,12090,0.9549321266968325
703,2020-02-03,1.9088896373056996,2.129476683937824,1.843,1.843,856,0.9549222797927461
704,2020-02-04,2.1199493212669682,2.1199493212669682,2.085953737556561,2.1104,1660,0.9549321266968325
705,2020-02-05,2.125680269058296,2.1295,2.09130269058296,2.1295,577,0.9549327354260091
706,2020-02-06,2.1294972602739723,2.1294972602739723,2.0913,2.0913,759,0.954931506849315
707,2020-02-07,2.0913,2.0913,2.0913,2.0913,813,0.954931506849315
708,2020-02-10,1.9577,1.9577,1.9577,1.9577,5796,0.9549290278522998
709,2020-02-11,2.1046185432692304,2.1046185432692304,1.9767504807692304,1.9863,4837,0.954951923076923
710,2020-02-12,1.8908,1.8908,1.8908,1.8908,244,0.954949494949495
711,2020-02-13,1.9194183406113534,2.1868,1.9194183406113534,2.1868,6528,0.9549344978165938
712,2020-02-14,2.1868,2.1868,2.1868,2.1868,87,0.9549344978165938
713,2020-02-18,2.2727610894941637,2.501947081712063,2.244112840466926,2.4542,6805,0.9549416342412452
714,2020-02-19,2.4542,2.4542,2.4542,2.4542,50,0.9549416342412452
715,2020-02-20,2.3968826666666665,2.482826666666667,2.110402666666667,2.1486,2939,0.9549333333333334
716,2020-02-21,2.492449615384615,2.492449615384615,2.454919626923077,2.4829,1182,0.9549615384615384
717,2020-02-24,2.435098814229249,2.435098814229249,2.416,2.416,698,0.9549407114624506
718,2020-02-25,2.2155033333333334,2.339647916666667,2.14865625,2.2919,2724,0.9549583333333334
719,2020-02-26,2.291904,2.3874,2.291904,2.3874,557,0.95496
720,2020-02-27,2.1963410138248847,2.1963410138248847,2.0722,2.0722,7675,0.954930875576037
721,2020-02-28,2.186810931174089,2.425545748987854,2.0244712550607287,2.3587,1890,0.9549392712550606
722,2020-03-02,2.368257471264368,2.4924,2.0626758620689656,2.4924,1723,0.9549425287356322
723,2020-03-03,2.49239766536965,2.49239766536965,2.435101167315175,2.4542,685,0.9549416342412452
724,2020-03-04,2.4542,2.4542,2.4542,2.4542,81,0.9549416342412452
725,2020-03-05,2.148660714285714,2.4542480158730156,2.148660714285714,2.4065,2165,0.9549603174603174
726,2020-03-06,2.4064992000000003,2.4064992000000003,2.3874,2.3874,704,0.95496
727,2020-03-09,2.210975305882353,2.492396470588235,2.210975305882353,2.4351,2692,0.9549411764705882
728,2020-03-10,2.4829,2.4829,2.2365199230769233,2.4829,1444,0.9549615384615384
729,2020-03-11,2.4637450600542428,2.4923932584269664,2.463649566059667,2.4647,1161,0.9549399457574584
730,2020-03-12,2.2059583333333332,2.4828968253968253,2.2059583333333332,2.4065,1614,0.9549603174603174
731,2020-03-13,2.482896,2.482896,2.2966788,2.3874,1647,0.95496
732,2020-03-16,2.387396694214876,2.387396694214876,2.285025123966942,2.311,1406,0.9549586776859504
733,2020-03-17,2.272791818181818,2.272791818181818,2.1009,2.1009,6098,0.9549545454545455
734,2020-03-18,2.1009,2.1009,2.1009,2.1009,70,0.9549545454545455
735,2020-03-19,2.3253235416666667,2.3253235416666667,2.2919,2.2919,347,0.9549583333333334
736,2020-03-20,2.2059,2.2059,2.2059,2.2059,112,0.954935064935065
737,2020-03-23,2.1369,2.1369,2.1369,2.1369,217,0.9549537471510926
738,2020-03-24,2.339647916666667,2.339647916666667,2.2919,2.2919,418,0.9549583333333334
739,2020-03-25,2.1964012828978396,2.1964012828978396,2.0247,2.0247,1063,0.9549570795208
740,2020-03-26,2.1868495614035086,2.1868495614035086,1.9863087719298247,2.1773,1616,0.9549561403508772
741,2020-03-27,2.1486,2.1486,2.1096387200000004,2.1486,510,0.9549333333333334
742,2020-03-30,2.1485915492957743,2.1485915492957743,2.034,2.034,364,0.9549295774647887
743,2020-03-31,2.0149,2.0149,2.0149,2.0149,257,0.9549289099526066
744,2020-04-01,2.0149027906976746,2.0531,2.0149027906976746,2.0531,647,0.9549302325581397
745,2020-04-02,2.091345714285714,2.091345714285714,1.8239590476190475,2.0054,3592,0.9549523809523809
746,2020-04-03,1.9958504761904758,2.0054,1.938553333333333,2.0054,494,0.9549523809523809
747,2020-04-06,2.0053574660633484,2.1104,2.0053574660633484,2.1104,904,0.9549321266968325
748,2020-04-07,2.1008493150684933,2.1008493150684933,1.8143698630136984,2.0913,1269,0.954931506849315
749,2020-04-08,1.843059813084112,2.0436,1.843059813084112,2.0436,494,0.9549532710280374
750,2020-04-09,2.0530942028985506,2.0530942028985506,1.8868413188405797,1.9767,2654,0.9549275362318841
751,2020-04-13,1.9767,1.9767,1.9767,1.9767,26,0.9549275362318841
752,2020-04-14,1.8717039215686275,1.9481,1.8138338921568626,1.9481,1791,0.9549509803921569
753,2020-04-15,1.909933093154915,1.909933093154915,1.7762377766340711,1.8555,2618,0.9549665465774575
754,2020-04-16,1.746557135678392,1.9098492462311558,1.746557135678392,1.9003,1775,0.9549246231155779
755,2020-04-17,1.9002953367875648,1.9002953367875648,1.843,1.843,602,0.9549222797927461
756,2020-04-20,1.862197297297297,1.862197297297297,1.7571502702702702,1.7667,885,0.9549729729729729
757,2020-04-21,1.7666946107784431,1.7666946107784431,1.5948,1.5948,7644,0.9549700598802395
758,2020-04-22,1.8239966480446927,1.833546368715084,1.6425519553072627,1.7094,2775,0.9549720670391062
759,2020-04-23,1.7094,1.7094,1.7094,1.7094,94,0.9549720670391062
760,2020-04-24,1.816638147239264,1.8334456073619632,1.5345402085889572,1.5566,30481,0.9549693251533743
761,2020-04-27,1.527950920245399,1.6585907239263804,1.5250860122699388,1.5566,4237,0.9549693251533743
762,2020-04-28,1.5088509316770187,1.7093944099378882,1.5088509316770187,1.5375,7393,0.9549689440993788
763,2020-04-29,1.5375040000000002,1.7025230628571428,1.5375040000000002,1.6712,10270,0.9549714285714286
764,2020-04-30,1.6997746478873241,1.71887323943662,1.6795301408450705,1.695,2573,0.9549295774647888
765,2020-05-01,1.547008988764045,1.7188988764044943,1.547008988764045,1.6998,937,0.954943820224719
766,2020-05-04,1.7189491525423728,1.7189491525423728,1.6377765536723163,1.6903,938,0.9549717514124293
767,2020-05-05,1.5756583333333334,1.7189,1.5756583333333334,1.7189,813,0.9549444444444445
768,2020-05-06,1.7189497206703912,1.7189497206703912,1.7094,1.7094,515,0.9549720670391062
769,2020-05-07,1.7094,1.7094,1.7094,1.7094,955,0.9549720670391062
770,2020-05-08,1.6425519553072627,1.7094,1.6425519553072627,1.7094,1489,0.9549720670391062
771,2020-05-11,1.7189491525423728,1.785797175141243,1.6903,1.6903,14678,0.9549717514124293
772,2020-05-12,1.7857505319148936,1.8334978723404254,1.7857505319148936,1.7953,915,0.9549468085106383
773,2020-05-13,1.718904255319149,1.7953,1.718904255319149,1.7953,927,0.9549468085106383
774,2020-05-14,1.7953497326203207,1.7953497326203207,1.642554010695187,1.7858,1448,0.9549732620320855
775,2020-05-15,1.7858,1.7858,1.7858,1.7858,196,0.9549732620320855
776,2020-05-18,1.6990932124352334,1.8811968911917099,1.6990932124352334,1.843,1279,0.9549222797927461
777,2020-05-19,1.8621416666666668,1.8621416666666668,1.7189,1.7189,481,0.9549444444444445
778,2020-05-20,1.7303646315789474,1.8144,1.6711578947368422,1.8144,3023,0.9549473684210527
779,2020-05-21,1.8048977900552483,1.8144475138121545,1.7285,1.7285,1758,0.9549723756906077
780,2020-05-22,1.8811984615384616,1.8811984615384616,1.7284107692307693,1.8621,1195,0.954923076923077
781,2020-05-26,1.8621,1.8621,1.8621,1.8621,281,0.954923076923077
782,2020-05-27,1.8621,1.8621,1.8621,1.8621,453,0.954923076923077
783,2020-05-28,1.8621451612903224,1.8621451612903224,1.7762,1.7762,1146,0.9549462365591397
784,2020-05-29,1.7762474576271186,1.795346892655367,1.6807502824858755,1.6903,5846,0.9549717514124293
785,2020-06-01,1.7476,1.7476,1.7476,1.7476,772,0.9549726775956284
786,2020-06-02,1.7953135031029315,1.7953135031029315,1.785,1.785,671,0.9549539910121977
787,2020-06-03,1.723722832369942,1.723722832369942,1.6521,1.6521,2474,0.9549710982658959
788,2020-06-04,1.6521022099447513,1.7285,1.6521022099447513,1.7285,1349,0.9549723756906077
789,2020-06-05,1.8143944444444444,1.8143944444444444,1.6807022222222223,1.7189,3888,0.9549444444444445
790,2020-06-08,1.7476005405405404,1.7667,1.7380508108108108,1.7667,5045,0.9549729729729729
791,2020-06-09,1.776202105263158,1.8239494736842106,1.7303646315789474,1.8144,3503,0.9549473684210527
792,2020-06-10,1.8335,1.8335,1.8335,1.8335,353,0.9549479166666667
793,2020-06-11,1.8239989304812834,1.8239989304812834,1.7858,1.7858,828,0.9549732620320855
794,2020-06-12,1.7953,1.7953,1.7618768617021277,1.7953,640,0.9549468085106383
795,2020-06-15,1.7479346382978724,1.7953,1.7479346382978724,1.7953,747,0.9549468085106383
796,2020-06-16,1.7476039997790176,1.7619286227280258,1.7286,1.7286,3337,0.9549748632672227
797,2020-06-17,1.7857487364620939,3.3232115523465704,1.7857487364620939,2.6452,106968,0.9549458483754513
798,2020-06-18,1.8908464864864862,2.6548248648648647,1.6903021621621621,1.7667,270238,0.9549729729729729
799,2020-06-19,2.053112531969309,2.053112531969309,1.8621253196930945,1.8669,24143,0.9549360613810741
800,2020-06-22,1.7857994594594595,1.8459627567567567,1.7667,1.7667,12248,0.9549729729729729
801,2020-06-23,1.7953462857142857,1.9003931428571428,1.6712,1.6712,22947,0.9549714285714286
802,2020-06-24,1.6806952380952382,1.7093434523809525,1.5565529761904762,1.6043,8593,0.9549404761904763
803,2020-06-25,1.6520346666666665,1.890768,1.556541333333333,1.7905,72893,0.9549333333333333
804,2020-06-26,1.7571449101796408,1.7571449101796408,1.5948,1.5948,16039,0.9549700598802395
805,2020-06-29,1.67119696969697,1.7127381515151519,1.5661503030303032,1.5757,5817,0.9549696969696971
806,2020-06-30,1.6185969788519639,1.6185969788519639,1.5565268882175225,1.5804,3896,0.9549244712990936
807,2020-07-01,1.5661503030303032,1.632998181818182,1.5470509090909095,1.5757,12420,0.9549696969696971
808,2020-07-02,1.547004705882353,1.6520482352941175,1.5088070588235294,1.6234,19818,0.9549411764705882
809,2020-07-06,1.575648148148148,1.5947469135802466,1.547,1.547,3137,0.9549382716049382
810,2020-07-07,1.5470035714285717,1.6329482142857144,1.537454166666667,1.6043,5847,0.9549404761904763
811,2020-07-08,1.5470509090909095,1.613898787878788,1.5470509090909095,1.5757,2228,0.9549696969696971
812,2020-07-09,1.5566,1.5756993865030675,1.5566,1.5566,2147,0.9549693251533743
813,2020-07-10,1.566102380952381,1.6177646607142857,1.5566484702380954,1.6043,2162,0.9549404761904763
814,2020-07-13,1.6043519275517262,1.6234513552606753,1.5185,1.5185,10747,0.9549713854474561
815,2020-07-14,1.5566017751479289,1.6139,1.5184029585798817,1.6139,3608,0.9549704142011834
816,2020-07-15,1.5613742236024843,1.6138975155279502,1.5184006211180123,1.5375,14982,0.9549689440993788
817,2020-07-16,1.613850588235294,1.6234,1.6043011764705881,1.6234,1856,0.9549411764705882
818,2020-07-17,1.6043034482758618,1.6616,1.6043034482758618,1.6616,3471,0.9549425287356321
819,2020-07-20,1.6282251461988304,1.7571461988304093,1.6282251461988304,1.633,4864,0.9549707602339181
820,2020-07-21,1.6712,1.7475977142857144,1.6521005714285715,1.6712,2132,0.9549714285714286
821,2020-07-22,1.7237256830601093,1.7857989071038252,1.7179958469945356,1.7476,3335,0.9549726775956284
822,2020-07-23,1.8143956043956042,1.8143956043956042,1.6998021978021978,1.738,6182,0.9549450549450549
823,2020-07-24,1.8048714681440443,1.8048714681440443,1.690276454293629,1.7237,3168,0.9549584487534627
824,2020-07-27,1.7952978260869563,1.8048472826086954,1.7189021739130435,1.7571,2443,0.954945652173913
825,2020-07-28,1.814448087431694,1.814448087431694,1.71045156284153,1.7476,2228,0.9549726775956284
826,2020-07-29,1.6903026737967914,1.7858,1.6903026737967914,1.7858,10597,0.9549732620320855
827,2020-07-30,1.8048989189189186,1.8048989189189186,1.7667,1.7667,6577,0.9549729729729729
828,2020-07-31,1.7953491891891888,1.833548108108108,1.7667,1.7667,2306,0.9549729729729729
829,2020-08-03,1.7633092819148937,1.8430473404255319,1.7633092819148937,1.7953,3330,0.9549468085106383
830,2020-08-04,1.7189,1.7570977777777779,1.6138561111111112,1.7189,14223,0.9549444444444445
831,2020-08-05,1.7380031914893617,1.7953,1.671156914893617,1.7953,10326,0.9549468085106383
832,2020-08-06,1.8430462365591396,1.8430462365591396,1.7571010752688172,1.7762,2154,0.9549462365591397
833,2020-08-07,1.7953491891891888,1.8526475675675673,1.7383373027027027,1.7667,1921,0.9549729729729729
834,2020-08-10,1.833545762711864,1.833545762711864,1.6903,1.6903,1064,0.9549717514124293
835,2020-08-11,1.6807073684210527,2.482863157894737,1.6807073684210527,1.8144,94525,0.9549473684210527
836,2020-08-12,1.9003504999999998,1.9767464999999997,1.7857565,1.9099,30862,0.95495
837,2020-08-13,1.9958252983293552,2.0006,1.9958252983293552,2.0006,1282,0.9549403341288781
838,2020-08-14,2.000625238095238,2.091345714285714,1.852703114285714,2.0054,7572,0.9549523809523809
839,2020-08-17,1.8812313253012045,2.0531204819277105,1.8716819277108432,1.9815,3032,0.9549397590361445
840,2020-08-18,1.9853155292251714,2.130943532210664,1.9576223352148152,2.0471,6368,0.9549377244950319
841,2020-08-19,1.9767372549019608,2.6896040958605667,1.9767372549019608,2.1916,185227,0.9549455337690633
842,2020-08-20,2.214475317073171,2.2586884292682927,1.9576,1.9576,32535,0.9549268292682928
843,2020-08-21,1.9385504901960782,2.1772882352941174,1.9385504901960782,1.9481,14747,0.9549509803921569
844,2020-08-24,1.9385484999999998,1.9385484999999998,1.7857565,1.9099,41146,0.95495
845,2020-08-25,1.8143538461538462,1.8764238461538463,1.8143538461538462,1.8621,2987,0.954923076923077
846,2020-08-26,2.0722088581457774,2.0722088581457774,1.7940363049762544,1.8499,13625,0.9549349576708652
847,2020-08-27,1.9575939086294414,1.9575939086294414,1.8812,1.8812,1506,0.9549238578680203
848,2020-08-28,1.9862507177033495,2.0053492822966508,1.957602870813397,1.9958,4313,0.9549282296650718
849,2020-08-31,2.0149445,2.0149445,1.9099,1.9099,13830,0.95495
850,2020-09-01,1.823908866995074,1.948049261083744,1.823908866995074,1.9385,4948,0.9549261083743843
851,2020-09-02,1.9576449132492113,1.986293375394322,1.8526960469242904,1.9374,2756,0.9549487381703471
852,2020-09-03,1.9385484999999998,1.9385484999999998,1.9099,1.9099,2768,0.95495
853,2020-09-04,1.9385495049504948,1.9385495049504948,1.8812524752475246,1.9289999999999998,4526,0.9549504950495049
854,2020-09-08,1.9098536585365855,1.986247804878049,1.8716565853658538,1.9576,3455,0.9549268292682928
855,2020-09-09,2.005392857142857,2.005392857142857,1.8717,1.8717,2470,0.9549489795918367
856,2020-09-10,1.9240312040816328,1.9373049948979593,1.8717,1.8717,768,0.9549489795918367
857,2020-09-11,1.9576175710594315,1.9576175710594315,1.8478,1.8478,1288,0.9549354005167959
858,2020-09-14,1.90512525,1.9099,1.843148995,1.9099,10934,0.95495
859,2020-09-15,1.9480477611940301,1.9766955223880598,1.8155041194029853,1.9194,4142,0.9549253731343285
860,2020-09-16,1.871702,1.9576474999999998,1.871702,1.9099,1793,0.95495
861,2020-09-17,1.9099047619047618,2.091345714285714,1.9099047619047618,2.0054,6751,0.9549523809523809
862,2020-09-18,1.9672037383177572,2.0817981308411215,1.9481046728971962,2.0436,9571,0.9549532710280374
863,2020-09-21,2.0626449760765553,2.0626449760765553,1.9480535885167467,1.9958,2253,0.9549282296650718
864,2020-09-22,2.1008450704225354,2.1008450704225354,1.9576056338028167,2.034,2255,0.9549295774647887
865,2020-09-23,1.9003169316174615,1.9098662629321221,1.8812182689881403,1.8922,1764,0.9549331314660611
866,2020-09-24,1.8922,1.8922,1.8922,1.8922,426,0.9549331314660611
867,2020-09-25,1.9672,1.9672,1.9672,1.9672,580,0.9549514563106796
868,2020-09-28,2.090336376811594,2.100840579710145,1.9767,1.9767,5841,0.9549275362318841
869,2020-09-29,1.8908,1.9385474747474747,1.8908,1.8908,2053,0.954949494949495
870,2020-09-30,1.9003504999999998,1.9099,1.7953059999999998,1.9099,3036,0.95495
871,2020-10-01,1.9098541758727352,2.0721917808219175,1.8143614670790984,1.9449,1009,0.9549270879363676
872,2020-10-02,1.852601020408163,1.9194474489795914,1.852601020408163,1.8717,2643,0.9549489795918367
873,2020-10-05,1.9289999999999998,1.9289999999999998,1.9289999999999998,1.9289999999999998,613,0.9549504950495049
874,2020-10-06,1.8812,1.8812,1.8812,1.8812,192,0.9549238578680203
875,2020-10-07,1.8812514999999999,1.9099,1.8812514999999999,1.9099,804,0.95495
876,2020-10-08,1.9099,1.9099,1.9099,1.9099,312,0.95495
877,2020-10-09,1.9099,1.9099,1.9099,1.9099,78,0.95495
878,2020-10-12,1.9576474999999998,1.9576474999999998,1.8812514999999999,1.9099,5309,0.95495
879,2020-10-13,1.9395082857142858,2.2250390476190476,1.9242290476190476,2.0054,59780,0.9549523809523809
880,2020-10-14,2.2011483516483517,2.282318681318681,2.100879120879121,2.1725,86628,0.9549450549450549
881,2020-10-15,1.8812125581395351,2.1778138883720937,1.8143674418604654,2.0531,10167,0.9549302325581397
882,2020-10-16,2.0531522727272726,2.1581972727272727,1.9891703181818186,2.1009,9165,0.9549545454545455
883,2020-10-19,2.0818043859649125,2.225047807017544,1.967209649122807,2.1773,26474,0.9549561403508772
884,2020-10-20,2.1009,2.1104495454545456,2.1009,2.1009,1839,0.9549545454545455
885,2020-10-21,2.0149828210179117,2.1868770901094874,2.0149828210179117,2.0846,1730,0.9549681616198634
886,2020-10-22,2.1056239726027397,2.177243835616438,2.082801109589041,2.0913,1717,0.954931506849315
887,2020-10-23,2.1151773333333335,2.196346666666667,2.1151773333333335,2.1486,7422,0.9549333333333334
888,2020-10-26,2.1486448598130843,2.1486448598130843,1.9672037383177572,2.0436,1806,0.9549532710280374
889,2020-10-27,1.950252676056338,2.205887323943662,1.950252676056338,2.034,4306,0.9549295774647887
890,2020-10-28,1.9863,1.9863,1.9863,1.9863,358,0.954951923076923
891,2020-10-29,1.9863,1.9863,1.9863,1.9863,1389,0.954951923076923
892,2020-10-30,1.9897348514851485,2.0471273762376234,1.9194504950495046,1.9289999999999998,2019,0.9549504950495049
893,2020-11-02,1.965245070422535,2.0578732394366193,1.9576056338028167,2.034,5035,0.9549295774647887
894,2020-11-03,2.0530926829268292,2.0530926829268292,1.9576,1.9576,474,0.9549268292682928
895,2020-11-04,1.9576045070972146,1.9671537973757376,1.9576045070972146,1.9577,1515,0.9549290278522998
896,2020-11-05,1.9385,1.9385,1.9385,1.9385,288,0.9549261083743843
897,2020-11-06,2.0531,2.0531,2.0531,2.0531,441,0.9549302325581397
898,2020-11-09,2.0531,2.0531,2.0531,2.0531,376,0.9549302325581397
899,2020-11-10,1.995855,2.186845909090909,1.9576568181818181,2.1009,13760,0.9549545454545455
900,2020-11-11,2.072250458715596,2.1028089908256877,1.9863045871559633,2.0818,3407,0.9549541284403669
901,2020-11-12,2.0818,2.0818,2.0818,2.0818,49,0.9549541284403669
902,2020-11-13,1.929008181818182,2.1009,1.909909090909091,2.1009,4620,0.9549545454545455
903,2020-11-16,2.072247641509434,2.1295448113207547,1.9290047169811322,2.0245,17692,0.9549528301886793
904,2020-11-17,2.0245,2.0245,2.0245,2.0245,272,0.9549528301886793
905,2020-11-18,2.1103972350230418,2.119946543778802,2.044125032258065,2.0722,4088,0.954930875576037
906,2020-11-19,2.0960718604651163,2.0960718604651163,2.0053534883720934,2.0531,1467,0.9549302325581397
907,2020-11-20,2.0722027149321263,2.1104,2.0722027149321263,2.1104,5132,0.9549321266968325
908,2020-11-23,2.1103972350230418,2.1103972350230418,2.047467290322581,2.0722,2327,0.954930875576037
909,2020-11-24,2.0530956937799045,2.1485885167464116,1.9910253588516749,1.9958,13407,0.9549282296650718
910,2020-11-25,2.053125,2.110421511627907,1.9576308139534884,1.971,17922,0.9549418604651163
911,2020-11-27,2.021652626459144,2.0531663424124513,1.9290214007782103,1.9634000000000003,4480,0.9549610894941635
912,2020-11-30,1.9576542056074766,2.062699065420561,1.9576542056074766,2.0436,5756,0.9549532710280374
913,2020-12-01,2.1056729166666663,2.1056729166666663,2.0627,2.0627,1217,0.9549537037037036
914,2020-12-02,1.9672037383177572,2.0442684672897196,1.9290056074766355,2.0436,18271,0.9549532710280374
915,2020-12-03,2.072239592969473,2.072239592969473,2.0388163737280296,2.0646,5434,0.9549491211840888
916,2020-12-04,2.0054036697247706,2.0818,2.0054036697247706,2.0818,4591,0.9549541284403669
917,2020-12-07,2.0105101116279074,2.0531,2.0105101116279074,2.0531,3416,0.9549302325581397
918,2020-12-08,2.1199436619718313,2.1199436619718313,2.034,2.034,2084,0.9549295774647887
919,2020-12-09,2.0416408372093025,2.1103958139534886,2.0244520930232563,2.0531,5831,0.9549302325581397
920,2020-12-10,2.1295486363636362,2.1676513227272727,2.0865756818181818,2.1009,9731,0.9549545454545455
921,2020-12-11,2.1963480176211454,2.224996035242291,2.0722066079295156,2.1677,4307,0.9549339207048458
922,2020-12-14,2.225024190064795,2.225024190064795,2.1629526997840176,2.2107,6081,0.9549460043196545
923,2020-12-15,2.1677486607142855,2.225045982142857,2.1110243124999997,2.1391,5707,0.9549553571428571
924,2020-12-16,2.1008558951965064,2.2249973799126637,2.1008558951965064,2.1868,8623,0.9549344978165938
925,2020-12-17,2.1485986547085205,2.2249932735426015,2.0722040358744396,2.1295,9770,0.9549327354260091
926,2020-12-18,2.0913447115384614,2.1199932692307693,1.9767504807692304,1.9863,12338,0.954951923076923
927,2020-12-21,2.0721957345971562,2.0721957345971562,2.005350710900474,2.0149,3319,0.9549289099526066
928,2020-12-22,2.0054,2.0817961904761906,1.938553333333333,2.0054,17600,0.9549523809523809
929,2020-12-23,1.9958,2.0148985645933015,1.9767014354066985,1.9958,13005,0.9549282296650718
930,2020-12-24,2.0414109143407124,2.0414109143407124,1.9844,1.9844,489,0.9549566891241579
931,2020-12-28,2.0244990476190474,2.0435980952380954,2.0054,2.0054,3550,0.9549523809523809
932,2020-12-29,1.9815261904761905,2.0054,1.9576523809523807,2.0054,1311,0.9549523809523809
933,2020-12-30,2.0197242857142856,2.053147619047619,2.0054,2.0054,7011,0.9549523809523809
934,2020-12-31,2.0053980582524273,2.043596116504854,1.957650485436893,1.9672,7858,0.9549514563106796
935,2021-01-04,2.0436,2.0817981308411215,1.9672992336448596,2.0436,298065,0.9549532710280374
936,2021-01-05,2.387403846153846,2.664342692307692,2.1486634615384617,2.4829,825524,0.9549615384615384
937,2021-01-06,2.2632469565217397,2.406012956521739,2.1797837565217395,2.1964,84102,0.9549565217391306
938,2021-01-07,2.1964025423728812,2.3682949152542374,2.1964025423728812,2.2537,23246,0.9549576271186441
939,2021-01-08,2.253653112033195,2.3395975103734443,2.2089620248962656,2.3014,27301,0.9549377593360996
940,2021-01-11,2.248874680851064,2.3395936170212766,2.205902553191489,2.2441,8649,0.9549361702127659
941,2021-01-12,2.1486486486486487,2.2632432432432434,2.12,2.12,23471,0.954954954954955
942,2021-01-13,2.2440933333333337,2.2440933333333337,2.1011398133333334,2.1486,5874,0.9549333333333334
943,2021-01-14,2.1233423423423425,2.1863693693693693,2.100900900900901,2.12,20140,0.954954954954955
944,2021-01-15,2.244098712446352,2.2918454935622314,2.1648390557939914,2.225,28955,0.9549356223175965
945,2021-01-19,2.339647916666667,2.339647916666667,2.268026041666667,2.2919,9594,0.9549583333333334
946,2021-01-20,2.2956691213389124,2.296624058577406,2.2297784518828454,2.2823,6938,0.9549372384937239
947,2021-01-21,2.2918530612244896,2.3396,2.1903430693877546,2.3396,11313,0.954938775510204
948,2021-01-22,2.339647916666667,2.3491975,2.2537016666666667,2.2919,8466,0.9549583333333334
949,2021-01-25,2.377852734375,2.511547265625,2.377852734375,2.4447,28394,0.9549609375
950,2021-01-26,2.4047826328125,2.511547265625,2.40144026953125,2.4447,5788,0.9549609375
951,2021-01-27,2.3778541187855327,2.4256021934599405,2.30059773396234,2.3684,18756,0.9549614934881656
952,2021-01-28,2.339646186440678,2.339646186440678,2.2537,2.2537,3383,0.9549576271186441
953,2021-01-29,2.2537008403361347,2.310998319327731,2.148655462184874,2.2728,17074,0.9549579831932774
954,2021-02-01,2.263243243243243,2.263243243243243,2.1486486486486482,2.2154,17629,0.9549549549549549
955,2021-02-02,2.215496428571428,2.215496428571428,2.129550446428571,2.1391,23523,0.9549553571428571
956,2021-02-03,2.215498245614035,2.215498245614035,2.14970176754386,2.1773,8371,0.9549561403508772
957,2021-02-04,2.215454393305439,2.291849372384937,2.215454393305439,2.2823,45640,0.9549372384937239
958,2021-02-05,3.581033653846154,15.250428653846155,3.4377923076923076,4.9657,111912797,0.9549423076923077
959,2021-02-08,4.679273846153847,7.4963876923076915,4.297292307692308,6.2072,9688757,0.9549538461538462
960,2021-02-09,5.872920367534457,7.1620980091883615,5.443194486983155,6.2358,2569714,0.9549464012251149
961,2021-02-10,5.98752,6.016168421052631,5.405002105263158,5.4432,717827,0.9549473684210527
962,2021-02-11,5.357230038022814,5.376328897338403,4.965703422053232,5.023,427560,0.9549429657794677
963,2021-02-12,5.108922066549912,6.569978283712785,5.061175131348511,5.4527,2251739,0.9549387040280211
964,2021-02-16,5.309489962825278,5.451203687732342,4.975354973977695,5.1376,559883,0.9549442379182156
965,2021-02-17,5.18540452079566,5.452791862567811,4.918017179023509,5.2809,337898,0.9549547920433996
966,2021-02-18,5.2999322519083965,5.586415076335877,4.851109160305343,5.0039,343198,0.954942748091603
967,2021-02-19,4.937127155172414,4.956226293103449,4.325954741379311,4.431,308213,0.9549568965517242
968,2021-02-22,4.43091935483871,4.99433366935484,4.354715181451613,4.7365,161875,0.9549395161290324
969,2021-02-23,4.535980725623582,4.535980725623582,4.01085739909297,4.2113,130417,0.9549433106575963
970,2021-02-24,4.278152759381898,4.430943929359822,4.278152759381898,4.3259,64900,0.9549448123620308
971,2021-02-25,4.47869676025918,4.516894600431966,4.3354548596112314,4.4214,71949,0.9549460043196545
972,2021-02-26,4.430940492170023,4.5359843400447435,4.230402237136466,4.2686,80209,0.954944071588367
973,2021-03-01,4.306765756302521,4.650543067226891,4.106228991596638,4.5455,70909,0.9549369747899159
974,2021-03-02,4.564696595744681,4.660192340425532,4.459651276595745,4.4883,30451,0.9549574468085106
975,2021-03-03,4.450037020316028,4.4671305101580145,4.211301128668173,4.2304,55827,0.9549435665914223
976,2021-03-04,4.230467945205479,4.230467945205479,3.437852054794521,3.4856,119010,0.9549589041095891
977,2021-03-05,3.4283032697547684,3.5715471389645783,3.1036171662125343,3.5047,104366,0.9549591280653952
978,2021-03-08,3.523794084507042,3.7052360563380278,3.3232529577464787,3.3901,98044,0.9549577464788732
979,2021-03-09,3.4378105263157894,3.785697852631579,3.406488252631579,3.6288,62478,0.9549473684210527
980,2021-03-10,4.029832911392405,4.096678481012658,3.6478582278481007,3.772,138201,0.9549367088607594
981,2021-03-11,3.762474599542334,4.325890846681922,3.752925171624714,4.1731,135198,0.9549427917620137
982,2021-03-12,4.1731,4.1731,3.915265446224256,4.1731,80998,0.9549427917620137
983,2021-03-15,4.173092941176471,4.230389411764706,3.8961600000000005,4.0585,102973,0.9549411764705883
984,2021-03-16,4.18264355971897,4.18264355971897,3.947823456674474,4.0776,68867,0.9549414519906325
985,2021-03-17,3.9917037558685444,4.09197382629108,3.8771093896713613,4.0681,44839,0.9549530516431926
986,2021-03-18,4.068112334801762,4.383247797356828,4.068112334801762,4.3355,1274775,0.9549559471365638
987,2021-03-19,5.242661052631579,6.436345263157895,4.889330526315789,5.4432,19828240,0.9549473684210527
988,2021-03-22,5.194944840525329,5.233142964352721,4.832062664165103,5.0899,630646,0.954953095684803
989,2021-03-23,4.909354941634242,6.293065369649806,4.2972373540856035,4.9084,2656974,0.9549416342412452
990,2021-03-24,4.774694376528117,4.774694376528117,3.8961506112469437,3.9057,407246,0.9549388753056235
991,2021-03-25,3.8197468354430377,4.010734177215189,3.6812810126582276,3.772,219129,0.9549367088607594
992,2021-03-26,3.772032967032967,3.8197802197802195,3.3996043956043955,3.476,264964,0.9549450549450549
993,2021-03-29,3.561958717948718,3.9912081666666666,3.35187,3.7243,255247,0.9549487179487179
994,2021-03-30,3.638390807799443,3.70514238718663,3.4187504178272983,3.4283,152221,0.954958217270195
995,2021-03-31,3.4282548913043476,3.5810461956521737,3.4282548913043476,3.5142,57260,0.954945652173913
996,2021-04-01,3.686107,3.9248445000000003,3.533315,3.8198,373710,0.95495
997,2021-04-05,3.9534940298507464,3.9821425373134334,3.7434049751243785,3.8389,252426,0.954950248756219
998,2021-04-06,3.9152456575682373,3.9922136575682377,3.772004962779156,3.8484,283894,0.9549379652605458
999,2021-04-07,3.8580384000000003,3.9535343999999997,3.5620008000000003,3.5811,356136,0.95496
1000,2021-04-08,3.628809045226131,4.192229396984924,3.6097100502512562,3.8007,1965776,0.9549497487437186
1001,2021-04-09,3.7337961038961036,3.8388389610389604,3.62884874025974,3.6765,337142,0.9549350649350649
1002,2021-04-12,3.7053879120879123,3.8109818681318686,3.4506184945054943,3.4942,153269,0.959945054945055
1003,2021-04-13,3.52298908045977,3.5421879310344826,3.2926028735632182,3.3406,102805,0.9599425287356321
1004,2021-04-14,3.37900972972973,3.638195135135135,3.3478114864864863,3.5518,150480,0.959945945945946
1005,2021-04-15,3.532592676056338,3.551791549295775,3.3310045070422536,3.4078,123898,0.959943661971831
1006,2021-04-16,3.4366064864864865,3.801385945945946,3.359810810810811,3.5518,631323,0.959945945945946
1007,2021-04-19,3.494205866666667,3.6285984,3.4270096,3.5998,214964,0.9599466666666667
1008,2021-04-20,3.5614037037037036,3.762992592592593,3.4756804285714287,3.6286,246555,0.95994708994709
1009,2021-04-21,3.59011007751938,3.830090697674419,3.59011007751938,3.7149,249847,0.9599224806201551
1010,2021-04-22,3.724520192307692,4.012498557692307,3.6573252403846155,3.9933,554638,0.9599278846153846
1011,2021-04-23,3.88769625,3.9836887500000007,3.7341082500000002,3.8397,372863,0.959925
1012,2021-04-26,3.8493128878281615,4.031699284009546,3.8397136038186153,4.0221,386499,0.9599284009546538
1013,2021-04-27,4.0412858208955225,4.0412858208955225,3.849300746268657,3.8589,62379,0.9599253731343285
1014,2021-04-28,3.8589188811188806,4.214093006993006,3.8437519860139857,4.1181,143790,0.9599300699300699
1015,2021-04-29,4.127691387559809,4.175687799043062,3.9256264952153113,4.0125,90315,0.9599282296650719
1016,2021-04-30,4.00289413202934,4.031691931540342,3.8781036674816627,3.9261,61195,0.9599266503667482
1017,2021-05-03,3.8973113744075834,4.0604992890995275,3.8205170616113753,4.0509,264969,0.9599289099526068
1018,2021-05-04,4.0508881773399015,4.074886330049261,3.7533110837438426,3.8973,257012,0.9599261083743843
1019,2021-05-05,3.9356985294117646,4.1468823529411765,3.887702205882353,3.9165,122446,0.9599264705882353
1020,2021-05-06,3.916494,3.9356924999999996,3.75330675,3.8397,208800,0.959925
1021,2021-05-07,3.8109022500000003,3.9500913750000004,3.8109022500000003,3.8397,52207,0.959925
1022,2021-05-10,3.8396984924623117,3.897293969849246,3.7917022613065328,3.8205,43452,0.9599246231155779
1023,2021-05-11,3.753302284263959,3.8156973350253804,3.6861076142131974,3.7821,94568,0.9599238578680203
1024,2021-05-12,3.7341214797136035,4.031699284009546,3.6765257756563243,4.0221,102003,0.9599284009546538
1025,2021-05-13,4.067213710843373,4.16608626506024,3.849310120481927,3.9837,125166,0.9599277108433734
1026,2021-05-14,3.974099273607748,4.079787276029055,3.9357021791767552,3.9645,29173,0.9599273607748184
1027,2021-05-17,4.002920758928571,4.454089285714285,3.9933214285714285,4.3005,228588,0.9599330357142857
1028,2021-05-18,4.3293,4.5692833702882485,4.223707317073171,4.3293,113396,0.9599334811529934
1029,2021-05-19,4.290872127139364,4.290872127139364,3.8205080684596577,3.9261,292713,0.9599266503667482
1030,2021-05-20,3.9069029197080294,4.016142613138686,3.9069029197080294,3.9453,33071,0.95992700729927
1031,2021-05-21,4.031706976744187,4.1277,3.945313255813954,4.1277,50384,0.9599302325581396
1032,2021-05-24,4.2044841346153845,4.2044841346153845,3.9549028846153846,3.9933,57921,0.9599278846153846
1033,2021-05-25,3.974096332518337,4.00289413202934,3.7725117359413205,3.9261,94595,0.9599266503667482
1034,2021-05-26,3.95491454965358,4.194897228637414,3.8682328060046194,4.1565,70673,0.959930715935335
1035,2021-05-27,4.185295104895105,4.233291608391609,4.108500699300699,4.1181,38348,0.9599300699300699
1036,2021-05-28,4.108503464203234,4.319592228637414,4.079705542725174,4.1565,53944,0.959930715935335
1037,2021-06-01,4.156506772009029,4.31969525959368,4.108510158013544,4.2525,53979,0.9599322799097066
1038,2021-06-02,4.2525341999999995,4.986792305999999,4.166139599999999,4.7997,1649399,0.9599399999999999
1039,2021-06-03,4.818856164383562,5.212428082191781,4.17570205479452,4.2045,880629,0.9599315068493152
1040,2021-06-04,4.223689411764706,4.31008305882353,4.0797,4.0797,193771,0.9599294117647058
1041,2021-06-07,4.031695652173913,4.097930652173913,3.9549014492753627,3.9741,98937,0.9599275362318841
1042,2021-06-08,3.9549105386416867,4.1948929742388765,3.9357119437939114,4.0989,104739,0.9599297423887589
1043,2021-06-09,4.118092840095465,4.194887112171838,4.001077568019093,4.0221,49150,0.9599284009546538
1044,2021-06-10,4.022099282296652,4.118092105263158,3.9069078947368427,4.0125,125552,0.9599282296650719
1045,2021-06-11,4.012507009345795,4.204492990654206,4.012507009345795,4.1085,84598,0.9599299065420561
1046,2021-06-14,4.108509502262443,4.617273529411764,3.983718325791855,4.2429,248189,0.9599321266968325
1047,2021-06-15,4.233285748218527,4.233285748218527,4.031700712589074,4.0413,85654,0.9599287410926365
1048,2021-06-16,4.050902117647058,4.0988985882352935,4.0317035294117645,4.0797,132542,0.9599294117647058
1049,2021-06-17,4.060486666666667,4.098883703703703,3.868501481481482,3.8877,86949,0.959925925925926
1050,2021-06-18,3.8685036764705885,3.9621925000000005,3.8493051470588235,3.9165,84087,0.9599264705882353
1051,2021-06-21,3.9452966789667894,3.9823498302583022,3.84930405904059,3.9021,39930,0.9599261992619925
1052,2021-06-22,3.887699257425742,3.9644933168316827,3.8493022277227715,3.8781,23683,0.9599257425742573
1053,2021-06-23,3.8589072815533974,3.9740985436893195,3.849308009708737,3.9549,19646,0.9599271844660193
1054,2021-06-24,3.9549084905660377,4.08929858490566,3.9405095518867927,4.0701,28809,0.9599292452830188
1055,2021-06-25,4.0317042253521125,4.156495070422535,3.9838037394366195,4.0893,50257,0.9599295774647887
1056,2021-06-28,4.166096503496504,4.166096503496504,4.013179643356644,4.1181,20369,0.9599300699300699
1057,2021-06-29,4.079696199051481,4.32927761358169,4.060497628703004,4.1898,147892,0.959928517423878
1058,2021-06-30,4.16609861111111,4.300488888888888,4.005886201388888,4.1469,28044,0.9599305555555554
1059,2021-07-01,4.2045,4.300493150684932,4.127705479452055,4.2045,38583,0.9599315068493152
1060,2021-07-02,4.223699316628702,4.2812952164009115,4.041408293849658,4.2141,26483,0.9599316628701595
1061,2021-07-06,4.281295909090908,4.281295909090908,4.136058224999999,4.2237,49299,0.959931818181818
1062,2021-07-07,4.281299325842697,4.281299325842697,4.1085114606741575,4.2717,68118,0.9599325842696629
1063,2021-07-08,4.281294520547946,4.281294520547946,4.05091095890411,4.2045,105376,0.9599315068493152
1064,2021-07-09,4.1565020642201835,4.242895871559632,4.079707568807339,4.1853,43639,0.9599311926605504
1065,2021-07-12,4.223698630136987,4.223698630136987,4.127705479452055,4.2045,22032,0.9599315068493152
1066,2021-07-13,4.079708904109589,4.252496575342466,4.079708904109589,4.2045,16370,0.9599315068493152
1067,2021-07-14,4.204495833333333,4.204495833333333,4.0606022430555555,4.1469,24957,0.9599305555555554
1068,2021-07-15,4.175719957081545,4.97246652360515,4.156617238197424,4.4733,800383,0.9599356223175965
1069,2021-07-16,4.319669926650366,4.790033985330074,3.88770293398533,3.9261,128056,0.9599266503667482
1070,2021-07-19,3.8684892030848332,3.9260845758354757,3.474920822622108,3.7341,108299,0.959922879177378
1071,2021-07-20,3.7341,3.810893830334191,3.5421154241645247,3.7341,49719,0.959922879177378
1072,2021-07-21,3.724508270676691,3.9068939849624056,3.724508270676691,3.8301,23992,0.9599248120300751
1073,2021-07-22,3.8396946564885495,3.887690839694656,3.7725,3.7725,15572,0.9599236641221374
1074,2021-07-23,3.8301094660194175,3.9932970873786404,3.647723300970873,3.9549,54780,0.9599271844660193
1075,2021-07-26,3.926085384615385,3.9275252692307694,3.7437,3.7437,28874,0.959923076923077
1076,2021-07-27,3.724514705882353,3.9356985294117646,3.5998202573529414,3.9165,41372,0.9599264705882353
1077,2021-07-28,3.9261057553956835,4.02209856115108,3.8068826906474826,4.0029,19652,0.9599280575539569
1078,2021-07-29,4.002896359223301,4.002896359223301,3.882905461165048,3.9549,8877,0.9599271844660193
1079,2021-07-30,3.974096332518337,4.060489731051345,3.8685044009779954,3.9261,20983,0.9599266503667482
1080,2021-08-02,3.945307125890736,4.0508992874109255,3.931388159144893,4.0413,8906,0.9599287410926365
1081,2021-08-03,4.0797,4.204490823529412,3.9357105882352936,4.0797,30385,0.9599294117647058
1082,2021-08-04,4.079696428571428,4.1372921428571425,3.955865642857143,4.0317,21993,0.9599285714285714
1083,2021-08-05,3.9933056603773585,4.08929858490566,3.887713443396226,4.0701,14096,0.9599292452830188
1084,2021-08-06,4.060519867549669,4.396496688741721,4.060519867549669,4.3485,28547,0.959933774834437
1085,2021-08-09,4.367695991091313,4.4060933184855235,4.271798665924276,4.3101,48284,0.9599331848552338
1086,2021-08-10,4.319698660714286,5.471618303571429,4.223705357142857,4.3005,1100551,0.9599330357142857
1087,2021-08-11,4.252473464373463,4.33886683046683,3.868502948402948,3.9069,89334,0.9599262899262898
1088,2021-08-12,3.8781036674816627,3.986191408312958,3.8781036674816627,3.9261,21407,0.9599266503667482
1089,2021-08-13,3.897283636363636,3.9260812987012983,3.6957,3.6957,62285,0.9599220779220778
1090,2021-08-16,3.676583615819209,3.676583615819209,3.369401694915254,3.3982,114732,0.9599435028248587
1091,2021-08-17,3.3598076923076925,3.5325978021978024,3.3598076923076925,3.4942,25804,0.959945054945055
1092,2021-08-18,3.4366038356164386,3.570996164383562,3.4078054794520547,3.5038,42799,0.9599452054794521
1093,2021-08-19,3.4558027397260274,3.6477917808219176,3.4174049315068493,3.5038,77997,0.9599452054794521
1094,2021-08-20,3.5517944444444445,3.6019035444444443,3.4558,3.4558,28051,0.9599444444444444
1095,2021-08-23,3.4558038147138967,3.551798365122616,3.4462043596730245,3.523,19797,0.9599455040871935
1096,2021-08-24,3.5421086842105263,3.6764976315789477,3.532509473684211,3.6477,22088,0.959921052631579
1097,2021-08-25,3.6477945945945947,3.6477945945945947,3.5518,3.5518,22931,0.959945945945946
1098,2021-08-26,3.55179945799458,3.6381945799457993,3.49900243902439,3.5422,20644,0.9599457994579945
1099,2021-08-27,3.555547578947369,3.7916881578947375,3.555547578947369,3.6477,97800,0.959921052631579
1100,2021-08-30,3.7053007751937983,3.7628961240310077,3.6093085271317826,3.7149,33305,0.9599224806201551
1101,2021-08-31,3.714907556675063,3.905836526448363,3.657312090680101,3.8109,79365,0.9599244332493703
1102,2021-09-01,3.8589227586206896,4.1757,3.8013268965517244,4.1757,115091,0.9599310344827587
1103,2021-09-02,4.166083980582524,4.214080339805824,3.9453007281553396,3.9549,79977,0.9599271844660193
1104,2021-09-03,3.9548902255639096,3.993287218045112,3.8262603007518794,3.8301,54564,0.9599248120300751
1105,2021-09-07,3.839692307692308,3.964482307692308,3.7437,3.7437,16923,0.959923076923077
1106,2021-09-08,3.743701530612245,3.897289285714286,3.676602880102041,3.7629,114914,0.9599234693877552
1107,2021-09-09,3.724513300492611,3.9740940886699505,3.724513300492611,3.8973,160810,0.9599261083743843
1108,2021-09-10,3.878090816326531,3.897289285714286,3.76213206122449,3.7629,20754,0.9599234693877552
1109,2021-09-13,3.772497692307693,3.8300930769230774,3.680537061538462,3.7437,78589,0.959923076923077
1110,2021-09-14,3.7187427621483375,3.7724024731457795,3.6669069053708436,3.7533,45108,0.9599232736572889
1111,2021-09-15,3.714896866840731,3.839686684073107,3.6765,3.6765,10883,0.9599216710182767
1112,2021-09-16,3.6813019430051814,3.8012922279792747,3.6765983238341966,3.7053,14836,0.9599222797927461
1113,2021-09-17,3.7437075,3.8397,3.6862079925,3.8397,37316,0.959925
1114,2021-09-20,3.8012898172323757,3.839686684073107,3.5901070496083554,3.6765,68704,0.9599216710182767
1115,2021-09-21,3.4956522389610387,3.8108906493506494,3.459751153246753,3.6957,25968,0.9599220779220778
1116,2021-09-22,3.6764976315789477,3.7724897368421058,3.5805055263157897,3.6477,20093,0.959921052631579
1117,2021-09-23,3.638109207161125,3.7533,3.606335746803069,3.7533,10672,0.9599232736572889
1118,2021-09-24,3.6417620351758795,3.916492462311558,3.6417620351758795,3.8205,65639,0.9599246231155779
1119,2021-09-27,3.8550588,3.8780970000000003,3.7821045,3.8397,22144,0.959925
1120,2021-09-28,3.820498484848485,3.8780939393939398,3.7629030303030304,3.8013,10069,0.9599242424242425
1121,2021-09-29,3.8780939393939398,3.8780939393939398,3.772502272727273,3.8013,7445,0.9599242424242425
1122,2021-09-30,3.8013137349397583,4.146887710843373,3.743718072289156,3.9837,85729,0.9599277108433734
1123,2021-10-01,4.0029028503562945,4.127693586698337,3.8877114014251775,4.0413,16045,0.9599287410926365
1124,2021-10-04,4.108492822966507,4.127691387559809,3.9358017344497616,4.0125,32899,0.9599282296650719
1125,2021-10-05,3.974102870813397,4.127691387559809,3.907003887559809,4.0125,21618,0.9599282296650719
1126,2021-10-06,3.940525111607143,4.348496651785714,3.940525111607143,4.3005,90239,0.9599330357142857
1127,2021-10-07,4.348486143187068,4.367684757505774,4.12770207852194,4.1565,32864,0.959930715935335
1128,2021-10-08,4.214106681514476,4.3101,4.156510690423162,4.3101,19057,0.9599331848552338
1129,2021-10-11,4.3197,4.396494666666666,4.060518,4.3197,23303,0.9599333333333333
1130,2021-10-12,4.396102328767124,4.406085616438356,4.166198732876713,4.2045,13171,0.9599315068493152
1131,2021-10-13,4.185296519721578,4.262090951276103,4.118101392111369,4.1373,11344,0.9599303944315546
1132,2021-10-14,4.1181075,4.2237,4.079710227272726,4.2237,9403,0.959931818181818
1133,2021-10-15,4.262092378752888,4.310088914549654,4.108503464203234,4.1565,9748,0.959930715935335
1134,2021-10-18,3.9933063529411763,4.194891529411764,3.9933063529411763,4.0797,20311,0.9599294117647058
1135,2021-10-19,4.127689156626506,4.214082650602409,3.9837,3.9837,13459,0.9599277108433734
1136,2021-10-20,4.0317035294117645,4.0797,4.01250494117647,4.0797,5085,0.9599294117647058
1137,2021-10-21,4.050897852028639,4.050897852028639,3.9837028639618137,4.0221,8740,0.9599284009546538
1138,2021-10-22,4.00289413202934,4.031691931540342,3.8973022004889972,3.9261,10957,0.9599266503667482
1139,2021-10-25,3.983700721153846,4.0700942307692305,3.7917151442307695,3.9933,34398,0.9599278846153846
1140,2021-10-26,3.859864338235294,4.031691176470589,3.8349062500000004,3.9165,25540,0.9599264705882353
1141,2021-10-27,3.8396984924623117,3.916492462311558,3.8205,3.8205,14868,0.9599246231155779
1142,2021-10-28,3.850651197080292,4.012494890510949,3.850651197080292,3.9453,9446,0.95992700729927
1143,2021-10-29,3.9644963235294117,4.031691176470589,3.889142095588235,3.9165,9238,0.9599264705882353
1144,2021-11-01,3.916512676056338,4.17569366197183,3.9069133802816904,4.0893,46399,0.9599295774647887
1145,2021-11-02,4.089300702576113,4.175694379391101,3.9549105386416867,4.0989,17158,0.9599297423887589
1146,2021-11-03,4.0797160356347435,4.3580966592427615,4.0797160356347435,4.3101,45858,0.9599331848552338
1147,2021-11-04,4.329292499999999,4.367689772727272,4.146905454545454,4.2237,9537,0.959931818181818
1148,2021-11-05,4.127713968957871,4.34849866962306,4.127713968957871,4.3293,7969,0.9599334811529934
1149,2021-11-08,4.271689534883722,4.310086744186047,4.089302790697674,4.1277,19210,0.9599302325581396
1150,2021-11-09,4.1373068027210875,4.2333,4.041313605442176,4.2333,7621,0.9599319727891156
1151,2021-11-10,4.098893540669857,4.223684210526317,4.0125,4.0125,16790,0.9599282296650719
1152,2021-11-11,3.983698547215497,4.07009200968523,3.9147757627118644,3.9645,7255,0.9599273607748184
1153,2021-11-12,4.07778014117647,4.0797,3.974107764705882,4.0797,11476,0.9599294117647058
1154,2021-11-15,4.122898243559719,4.1601435175644035,3.9933077283372374,4.0989,6422,0.9599297423887589
1155,2021-11-16,4.0796927710843365,4.16608626506024,3.9837,3.9837,17001,0.9599277108433734
1156,2021-11-17,3.8397156398104273,4.137293601895735,3.8397156398104273,4.0509,10536,0.9599289099526068
1157,2021-11-18,4.07968826405868,4.127684596577017,3.84930586797066,3.9261,15785,0.9599266503667482
1158,2021-11-19,3.8877043795620434,4.031693430656935,3.8589065693430653,3.9453,5206,0.95992700729927
1159,2021-11-22,4.0220896296296305,4.0316888888888895,3.8802125777777783,3.8877,10765,0.959925925925926
1160,2021-11-23,3.9836887500000007,4.0220857500000005,3.7821045,3.8397,12636,0.959925
1161,2021-11-24,3.901144082589397,3.9357014612737515,3.7802892499127223,3.8495,4706,0.9599271856765248
1162,2021-11-26,3.863699528385161,3.8876976621018384,3.743804852336637,3.8062,5823,0.9599253486671206
1163,2021-11-29,3.753292931937173,3.870307358638744,3.647701570680628,3.6669,31846,0.9599214659685864
1164,2021-11-30,3.6957038461538465,3.767698076923077,3.6477076923076925,3.7437,7767,0.959923076923077
1165,2021-12-01,3.743693717277487,3.7820905759162304,3.6582607068062827,3.6669,8267,0.9599214659685864
1166,2021-12-02,3.6573031168831167,3.7436961038961036,3.6477038961038954,3.6957,4962,0.9599220779220778
1167,2021-12-03,3.6477978723404254,3.65365354787234,3.561402659574468,3.6094,6408,0.9599468085106383
1168,2021-12-06,3.580602645502646,3.6861968253968254,3.5614037037037036,3.6286,6445,0.95994708994709
1169,2021-12-07,3.5998,3.743792,3.5710016,3.5998,10981,0.9599466666666667
1170,2021-12-08,3.6286002642007924,3.74379392338177,3.6208246922060767,3.6334,6449,0.9599471598414795
1171,2021-12-09,3.6573946091644207,3.7005921832884097,3.5614,3.5614,5451,0.9599460916442049
1172,2021-12-10,3.5614005376344084,3.7336148924731187,3.475005376344086,3.571,11691,0.9599462365591398
1173,2021-12-13,3.48460325203252,3.6476980433604336,3.48460325203252,3.5422,3770,0.9599457994579945
1174,2021-12-14,3.628536403132523,3.628536403132523,3.4689,3.4689,3610,0.9599302653789744
1175,2021-12-15,3.503793785310734,3.503793785310734,3.369401694915254,3.3982,9169,0.9599435028248587
1176,2021-12-16,3.369394736842105,3.4557894736842103,3.283,3.283,5734,0.9599415204678362
1177,2021-12-17,3.2446101123595508,3.4941955056179776,3.225411235955056,3.4174,5974,0.9599438202247191
1178,2021-12-20,3.494166666666667,3.494166666666667,2.7297697115384616,2.995,21838,0.9599358974358975
1179,2021-12-21,2.9949603072983355,3.228413623559539,2.966162612035851,2.9988,8569,0.9599231754161331
1180,2021-12-22,2.9374025806451614,2.9758,2.918203870967742,2.9758,14834,0.9599354838709677
1181,2021-12-23,3.062236940531106,3.0799,2.947043074429622,3.0799,27702,0.95994888417903
1182,2021-12-27,2.9661980392156857,3.1101882352941175,2.9086979542483657,2.9374,26112,0.9599346405228757
1183,2021-12-28,2.9278047999999997,3.0717952000000004,2.9278047999999997,2.9998,14244,0.959936
1184,2021-12-29,2.9853840277777777,2.9949833333333338,2.7358020833333336,2.7646,34562,0.9599305555555556
1185,2021-12-30,2.7933906474820147,2.879688179856115,2.627611071942446,2.6686,36207,0.9599280575539569
1186,2021-12-31,2.6877714285714283,2.7077377306122448,2.284605714285714,2.3518,190242,0.9599183673469387
1187,2022-01-03,2.4286118959107803,2.6925914498141266,2.409413382899628,2.5822,33079,0.9599256505576208
1188,2022-01-04,2.5918071428571436,2.850987857142858,2.3902221428571435,2.6878,93381,0.9599285714285716
1189,2022-01-05,2.7838053691275166,2.975695953020134,2.591818791946309,2.8606,52203,0.9599328859060402
1190,2022-01-06,2.82219793814433,2.966091635738832,2.7838006872852232,2.7934,17401,0.9599312714776632
1191,2022-01-07,2.7838,2.831796551724138,2.687806896551724,2.7838,8720,0.9599310344827586
1192,2022-01-10,2.783797202797203,2.783797202797203,2.687804195804196,2.7454,6874,0.95993006993007
1193,2022-01-11,2.7453992982456135,2.78379649122807,2.6078413543859646,2.7358,6902,0.9599298245614034
1194,2022-01-12,2.746213407331678,2.783843289031693,2.591950091280853,2.6291,13188,0.9599459617350665
1195,2022-01-13,2.726253635192343,2.854694739554574,2.591860850358918,2.6077,5416,0.9599484630958954
1196,2022-01-14,2.5918014705882357,2.9277757352941176,2.5583960294117647,2.611,17684,0.9599264705882353
1197,2022-01-18,2.3038087649402392,2.626150007968128,2.2846103585657374,2.4094,47415,0.9599203187250998
1198,2022-01-19,2.4861928,2.486288792,2.351804,2.3998,11630,0.95992
1199,2022-01-20,2.3901951691600467,2.552421266986572,2.2750050405258277,2.3805,24820,0.9599177386184926
1200,2022-01-21,2.332586842105264,2.3805824561403512,2.1886,2.1886,17589,0.9599122807017545
1201,2022-01-24,2.1118095238095242,2.2461014112554114,2.0350164502164505,2.2174,25383,0.9599134199134199
1202,2022-01-25,2.332609411764706,2.4861008705882357,2.2072436549019607,2.4478,18263,0.959921568627451
1203,2022-01-26,2.5533837398373986,2.5533837398373986,2.2366105691056912,2.3614,18016,0.9599186991869919
1204,2022-01-27,2.3710016064257027,2.4668015903614458,2.188616867469879,2.3902,20974,0.9599196787148594
1205,2022-01-28,2.351804,2.4861928,2.3134072000000003,2.3998,9500,0.95992
1206,2022-01-31,2.342211218568665,2.5245965183752417,2.342211218568665,2.4814,5110,0.9599226305609284
1207,2022-02-01,2.4957928286852593,2.4957928286852593,2.3134079681274904,2.4094,6150,0.9599203187250998
1208,2022-02-02,2.3998062015503874,2.5245961240310075,2.361409302325581,2.4766,6946,0.959922480620155
1209,2022-02-03,2.4477968127490044,2.5437888446215142,2.368507394422311,2.4094,5831,0.9599203187250998
1210,2022-02-04,2.342209375,2.48619765625,2.342209375,2.4574,3310,0.9599218749999999
1211,2022-02-07,2.476980818897638,2.476980818897638,2.416793755905512,2.4382,2812,0.9599212598425197
1212,2022-02-08,2.4094076628352488,2.5054,2.3998084291187736,2.5054,1268,0.9599233716475095
1213,2022-02-09,2.46699921875,2.5053001015625,2.3807022421875,2.4574,6213,0.9599218749999999
1214,2022-02-10,2.44780608365019,2.5246,2.4190083650190113,2.5246,6056,0.9599239543726236
1215,2022-02-11,2.4094174545454545,2.6398,2.4094174545454545,2.6398,30965,0.9599272727272727
1216,2022-02-14,2.6014007352941175,2.7741875,2.5342058823529414,2.611,30897,0.9599264705882353
1217,2022-02-15,2.668597818181818,2.8029876363636363,2.332623272727273,2.6398,53059,0.9599272727272727
1218,2022-02-16,2.5918057553956837,2.7549935251798563,2.5918057553956837,2.6686,2840,0.9599280575539569
1219,2022-02-17,2.6302007272727277,2.745392,2.485059723636364,2.6398,8744,0.9599272727272727
1220,2022-02-18,2.6877963636363633,2.783789090909091,2.5122256654545456,2.6398,5526,0.9599272727272727
1221,2022-02-22,2.639796296296296,2.6877925925925923,2.5054066666666666,2.5918,3008,0.9599259259259258
1222,2022-02-23,2.543795366795367,2.543795366795367,2.3998069498069503,2.4862,6471,0.9599227799227801
1223,2022-02-24,2.3518016194331985,2.4861902834008096,2.303805668016194,2.371,7998,0.9599190283400809
1224,2022-02-25,2.419009090909091,2.5342,2.306217992424242,2.5342,2711,0.9599242424242423
1225,2022-02-28,2.486188571428571,2.5437836734693873,2.3518,2.3518,4535,0.9599183673469387
1226,2022-03-01,2.371006274509804,2.5437921568627453,2.371006274509804,2.4478,3360,0.959921568627451
1227,2022-03-02,2.447797619047619,2.447797619047619,2.419,2.419,1511,0.959920634920635
1228,2022-03-03,2.419,2.419,2.419,2.419,279,0.959920634920635
1229,2022-03-04,2.409392561983471,2.409392561983471,2.323,2.323,2255,0.9599173553719008
1230,2022-03-07,2.3613897435897435,2.3613897435897435,2.2462,2.2462,4954,0.95991452991453
1231,2022-03-08,2.294292342342342,2.294292342342342,2.1215004504504504,2.1311,12258,0.9599549549549549
1232,2022-03-09,2.313397478991597,2.313397478991597,2.140612605042017,2.2846,11762,0.9599159663865547
1233,2022-03-10,2.1886084033613447,2.313397478991597,2.1886084033613447,2.2846,2587,0.9599159663865547
1234,2022-03-11,2.1730545128205128,2.3133940170940175,2.1730545128205128,2.2462,6044,0.95991452991453
1235,2022-03-14,2.252536629955947,2.2533045947136565,2.1791,2.1791,1916,0.9599559471365638
1236,2022-03-15,2.2462008510638296,2.3997872340425532,2.1765110297872337,2.2558,15801,0.9599148936170212
1237,2022-03-16,2.380592468619247,2.3997907949790793,2.2750976652719666,2.2942,2258,0.9599163179916318
1238,2022-03-17,2.2692516334661357,2.4381976095617532,2.2692516334661357,2.4094,2401,0.9599203187250998
1239,2022-03-18,2.3902047058823532,2.4478,2.3758058823529415,2.4478,3093,0.959921568627451
1240,2022-03-21,2.44780534351145,2.524599236641221,2.342213740458015,2.515,6788,0.9599236641221374
1241,2022-03-22,2.5150007604562736,2.5246,2.399809885931559,2.5246,11200,0.9599239543726236
1242,2022-03-23,2.562996571428571,2.639790476190476,2.515000380952381,2.5198,13278,0.9599238095238095
1243,2022-03-24,2.6686035335689047,2.726199293286219,2.556867759717315,2.7166,10865,0.9599293286219082
1244,2022-03-25,2.7358,2.9661831578947364,2.7166014035087716,2.7358,27705,0.9599298245614034
1245,2022-03-28,2.7070021052631574,2.78379649122807,2.687803508771929,2.7358,6253,0.9599298245614034
1246,2022-03-29,2.7838047138047135,2.918195286195286,2.7358080808080807,2.851,11333,0.9599326599326599
1247,2022-03-30,2.8413733125649014,2.97576259086189,2.7165832684319833,2.9581,11337,0.9599234164070612
1248,2022-03-31,2.9758019169329075,3.0237987220447287,2.77872703514377,3.0046,7966,0.9599361022364218
1249,2022-04-01,2.975803174603175,3.167790476190476,2.975803174603175,3.0238,11734,0.959936507936508
1250,2022-04-04,3.0718012422360252,3.1677950310559004,3.0718012422360252,3.091,10818,0.9599378881987578
1251,2022-04-05,3.091010588235294,3.3087252470588235,3.0430135294117644,3.2638,37369,0.9599411764705882
1252,2022-04-06,3.177402388059702,3.273396417910448,3.071808955223881,3.2158,9070,0.9599402985074628
1253,2022-04-07,3.143802413273001,3.426984615384615,3.1198039215686273,3.1822,52777,0.9599396681749622
1254,2022-04-08,3.0814099271925324,3.2445998610313893,3.0814099271925324,3.1775,9366,0.9599407872873933
1255,2022-04-11,3.196609964881475,3.6381837137840214,3.0814168129938544,3.4988,62157,0.9599429323968394
1256,2022-04-12,3.571326815642458,3.571326815642458,3.3346540223463683,3.4555,10053,0.9652234636871507
1257,2022-04-13,3.4265708092485547,3.45552774566474,3.22387225433526,3.3397,4484,0.9652312138728324
1258,2022-04-14,3.23348250728863,3.3686131195335283,3.1383119475218657,3.3107,11966,0.9652186588921283
1259,2022-04-18,3.2528473186119875,3.2528473186119875,3.003044088328076,3.0598,9325,0.9652365930599369
1260,2022-04-19,2.996099047619048,3.156328571428572,2.9536285714285717,3.0405,5683,0.9652380952380953
1261,2022-04-20,3.204540127388535,3.204540127388535,3.011495541401274,3.0308,1592,0.9652229299363058
1262,2022-04-21,3.0694571428571433,3.2142428571428576,3.0308476190476195,3.0405,2656,0.9652380952380953
1263,2022-04-22,3.0114824999999996,3.0887,3.0114824999999996,3.0887,1250,0.9652187499999999
1264,2022-04-25,2.981422788643533,3.1852807570977917,2.9137597034700313,3.0598,1924,0.9652365930599369
1265,2022-04-26,3.0405,3.0405,2.915019047619048,3.0405,1873,0.9652380952380953
1266,2022-04-27,2.9150169339893925,3.0308454214326797,2.8894381430123333,3.021,7710,0.965237395360726
1267,2022-04-28,2.982571,3.030832666666667,2.8957,2.8957,11414,0.9652333333333334
1268,2022-04-29,2.864367213114754,3.0212196721311475,2.864367213114754,2.944,4203,0.9652459016393443
1269,2022-05-02,2.847442953020134,3.0018805369127515,2.847442953020134,2.8764,1902,0.965234899328859
1270,2022-05-03,2.9120565116279074,2.9120565116279074,2.8855130730897014,2.9053,1740,0.9652159468438539
1271,2022-05-04,2.982526262626262,2.982526262626262,2.8185355791245787,2.8667,3393,0.9652188552188551
1272,2022-05-05,2.9439616666666666,2.9439616666666666,2.828133666666667,2.8957,4086,0.9652333333333334
1273,2022-05-06,2.818531304347826,2.9439130434782608,2.818531304347826,2.886,3868,0.9652173913043478
1274,2022-05-09,2.8185,2.8812405821917806,2.8185,2.8185,847,0.9652397260273972
1275,2022-05-10,2.8088,2.8088,2.685154886597938,2.8088,3017,0.9652233676975945
1276,2022-05-11,2.8088090592334494,3.0211588850174214,2.6640250871080133,2.7702,27735,0.9652264808362369
1277,2022-05-12,2.6640755244755248,2.895734265734266,2.557898601398602,2.7606,2524,0.9652447552447554
1278,2022-05-13,2.775059523809524,2.8378,2.6785357142857147,2.8378,2663,0.9652380952380953
1279,2022-05-16,2.750933579335794,2.8791174317343176,2.6158,2.6158,8063,0.9652398523985241
1280,2022-05-17,2.789513780918728,3.0308212014134277,2.70746925795053,2.7316,4846,0.9652296819787985
1281,2022-05-18,2.7026786355475765,2.7026786355475765,2.6833737881508077,2.6882,1963,0.9652423698384202
1282,2022-05-19,2.509605734767025,2.9150035842293907,2.3262114695340506,2.693,7956,0.9652329749103943
1283,2022-05-20,2.760682501845019,2.760682501845019,2.606147601476015,2.6158,7048,0.9652398523985241
1284,2022-05-23,2.6158,2.6158,2.6008387822878234,2.6158,3164,0.9652398523985241
1285,2022-05-24,2.8297062615448416,2.8297062615448416,2.484631903343763,2.5605,7854,0.9652429600030159
1286,2022-05-25,2.5819565217391305,2.707434782608696,2.5819565217391305,2.664,7493,0.9652173913043479
1287,2022-05-26,2.6737279720279723,2.7606,2.6640755244755248,2.7606,1639,0.9652447552447554
1288,2022-05-27,2.799130434782609,2.8473913043478265,2.427521739130435,2.664,21700,0.9652173913043479
1289,2022-05-31,2.519231847133758,3.0435409426751594,2.4420140127388534,3.0308,12479,0.9652229299363058
1290,2022-06-01,3.0790434782608695,3.108,2.866695652173913,2.886,10115,0.9652173913043478
1291,2022-06-02,2.9053,2.9053,2.9053,2.9053,598,0.9652159468438539
1292,2022-06-03,2.9053043478260867,2.9053043478260867,2.7026086956521738,2.886,1205,0.9652173913043478
1293,2022-06-06,2.90376,2.90376,2.8764443478260873,2.886,1670,0.9652173913043478
1294,2022-06-07,2.895665529010239,2.900491638225256,2.8281,2.8281,14241,0.965221843003413
1295,2022-06-08,2.876372903225806,2.993165225806451,2.86672064516129,2.9922,2867,0.9652258064516128
1296,2022-06-09,2.901746818600975,2.9308,2.895665920168621,2.9308,2072,0.9652219733895403
1297,2022-06-10,2.9246,2.9246,2.9246,2.9246,1504,0.9652145214521453
1298,2022-06-13,2.7701975509099523,2.9555208713889454,2.7701975509099523,2.8534,3938,0.9652256274947568
1299,2022-06-14,2.5868112280701756,3.001859298245614,2.470983859649123,2.7509,10786,0.9652280701754387
1300,2022-06-15,2.6543685121107266,2.895674740484429,2.6543685121107266,2.7895,5794,0.9652249134948097
1301,2022-06-16,2.596459233449477,2.9246362369337975,2.59626618815331,2.7702,10282,0.9652264808362369
1302,2022-06-17,2.6254075601374574,2.992192439862543,2.6254075601374574,2.8088,8008,0.9652233676975945
1303,2022-06-21,2.750865448504984,3.3686036544850504,2.702604651162791,2.9053,39266,0.9652159468438539
1304,2022-06-22,3.0887368421052632,3.0887368421052632,2.821175013157895,2.9343,2127,0.9652302631578947
1305,2022-06-23,2.9825857142857144,2.9825857142857144,2.7316238095238097,2.8378,4395,0.9652380952380953
1306,2022-06-24,2.7992079566003616,2.7992079566003616,2.471024954792043,2.6689,18501,0.9652441229656419
1307,2022-06-27,2.5964264285714282,2.789469285714286,2.5964264285714282,2.7026,8759,0.9652142857142857
1308,2022-06-28,2.7527172555555555,2.7527172555555555,2.6061,2.6061,1989,0.9652222222222222
1309,2022-06-29,2.548204580152672,2.6447274809160306,2.5095954198473285,2.5289,5292,0.9652290076335878
1310,2022-06-30,2.5965048689138577,2.6158097378277154,2.499980524344569,2.5772,4561,0.9652434456928839
1311,2022-07-01,2.504787992125985,2.539536496062992,2.4517,2.4517,1256,0.9652362204724411
1312,2022-07-05,2.5481649805447475,2.567372739299611,2.4130350194552532,2.4806,2967,0.9652140077821012
1313,2022-07-06,2.3841380952380953,2.654404761904762,2.3841380952380953,2.6351,25154,0.9652380952380952
1314,2022-07-07,2.6060792079207924,2.9825128712871285,2.6060792079207924,2.9246,24339,0.9652145214521453
1315,2022-07-08,2.8570771241830064,3.0501228758169936,2.789511111111111,2.9536,3935,0.9652287581699346
1316,2022-07-11,3.001895207667731,3.0887667731629396,2.8860664536741214,3.0212,15111,0.9652396166134185
1317,2022-07-12,2.9922475884244375,3.0694668810289394,2.915028295819936,3.0019,3635,0.9652411575562702
1318,2022-07-13,2.683344370860927,2.9343046357615896,2.654483940397351,2.915,4558,0.9652317880794702
1319,2022-07-14,2.9439950001736044,2.9439950001736044,2.78,2.78,2125,0.9652442623520016
1320,2022-07-15,2.876425468164794,3.020246741573034,2.4806756554307117,2.5772,8153,0.9652434456928839
1321,2022-07-18,2.721958878504673,2.78952523364486,2.582,2.582,5354,0.9652336448598131
1322,2022-07-19,2.7991904761904762,2.8088428571428574,2.6254476190476193,2.6351,2152,0.9652380952380952
1323,2022-07-20,2.683304347826087,2.702608695652174,2.571532173913044,2.664,1751,0.9652173913043479
1324,2022-07-21,2.7412257627118644,2.8474,2.7412257627118644,2.8474,1234,0.9652203389830508
1325,2022-07-22,2.8957,2.8957,2.8860476666666672,2.8957,620,0.9652333333333334
1326,2022-07-25,2.895703476550781,2.953617546081797,2.8088323722542583,2.8958,4043,0.9652344921835938
1327,2022-07-26,2.9247248805970147,2.972889552238806,2.5578432835820895,2.5868,14310,0.9652238805970149
1328,2022-07-27,2.596490476190476,2.7219714285714285,2.553054761904762,2.6351,14418,0.9652380952380952
1329,2022-07-28,2.664033922261484,2.7316,2.5095971731448765,2.7316,7585,0.9652296819787985
1330,2022-07-29,2.5289280821917806,2.837804794520548,2.5289280821917806,2.8185,5862,0.9652397260273972
1331,2022-08-01,2.8763656357388316,2.8763656357388316,2.6447120274914093,2.8088,6946,0.9652233676975945
1332,2022-08-02,2.731567861876276,2.783689651466848,2.6946,2.6946,4042,0.9652183257513343
1333,2022-08-03,2.866735384615385,2.8860400000000004,2.7156767692307695,2.8233,2977,0.9652307692307693
1334,2022-08-04,2.9825217391304344,2.9825217391304344,2.6157391304347826,2.886,8767,0.9652173913043478
1335,2022-08-05,2.802806820338983,2.9438255118644068,2.7219213559322033,2.8474,3187,0.9652203389830508
1336,2022-08-08,2.895665529010239,2.895665529010239,2.7122733788395905,2.8281,1988,0.965221843003413
1337,2022-08-09,2.7788870383275257,2.8956794425087105,2.7508954703832753,2.7702,6515,0.9652264808362369
1338,2022-08-10,2.9439913194444443,2.9439913194444443,2.7799,2.7799,855,0.9652430555555556
1339,2022-08-11,2.828146346407216,2.9922367487584878,2.828146346407216,2.8572,3269,0.9652376608898348
1340,2022-08-12,2.982571,2.982571,2.809504663333333,2.8957,9669,0.9652333333333334
1341,2022-08-15,2.9922261712439417,3.001878513731825,2.895702746365105,2.9874,16378,0.9652342487883683
1342,2022-08-16,3.01153288590604,3.0887516778523487,2.847442953020134,2.8764,30110,0.965234899328859
1343,2022-08-17,2.8667294117647057,3.0694274509803923,2.8667294117647057,2.9536,15653,0.9652287581699346
1344,2022-08-18,2.905328675362969,3.0597647511297716,2.8956764206275443,3.0116,6010,0.9652254735425148
1345,2022-08-19,3.0501734265734273,3.0501734265734273,2.712337762237763,2.7606,58312,0.9652447552447554
1346,2022-08-22,2.799154838709677,2.9922,2.7508935483870967,2.9922,10116,0.9652258064516128
1347,2022-08-23,2.9921864131694877,2.9921864131694877,2.9141,2.9141,1796,0.9652214236030605
1348,2022-08-24,2.8667476510067114,2.9439664429530197,2.847442953020134,2.8764,10394,0.965234899328859
1349,2022-08-25,2.837779230115679,2.9538,2.837779230115679,2.9538,2423,0.9652310306515914
1350,2022-08-26,2.9729524429967427,2.982604885993485,2.8571231270358304,2.9633,9006,0.9652442996742671
1351,2022-08-29,2.895665529010239,2.982535494880546,2.8281,2.8281,15440,0.965221843003413
1352,2022-08-30,2.9633,2.9633,2.9633,2.9633,623,0.9652442996742671
1353,2022-08-31,2.9246086956521737,2.9825217391304344,2.7991304347826085,2.886,13732,0.9652173913043478
1354,2022-09-01,2.943917508417508,2.943917508417508,2.7605259259259256,2.8667,5090,0.9652188552188551
1355,2022-09-02,2.7798303030303027,2.886004377104377,2.7798303030303027,2.8667,2571,0.9652188552188551
1356,2022-09-06,2.9246617449664427,2.934314093959731,2.818485906040268,2.8764,3540,0.965234899328859
1357,2022-09-07,2.721913043478261,2.9342608695652173,2.721913043478261,2.886,3912,0.9652173913043478
1358,2022-09-08,2.7122733788395905,2.924622184300341,2.7122733788395905,2.8281,2158,0.965221843003413
1359,2022-09-09,2.7605135313531353,2.943904290429043,2.7605135313531353,2.9246,2797,0.9652145214521453
1360,2022-09-12,2.9053132203389826,2.9535742372881355,2.8474,2.8474,11121,0.9652203389830508
1361,2022-09-13,2.9633,2.982604885993485,2.8877213713355045,2.9633,3726,0.9652442996742671
1362,2022-09-14,2.963285958904109,2.9922431506849314,2.8185,2.8185,4529,0.9652397260273972
1363,2022-09-15,2.847433774834437,2.9343046357615896,2.818476821192053,2.915,7950,0.9652317880794702
1364,2022-09-16,2.9342608695652173,2.9728695652173913,2.886,2.886,3665,0.9652173913043478
1365,2022-09-19,2.934326194398682,2.958457166392092,2.9295,2.9295,1411,0.9652388797364085
1366,2022-09-20,3.0115572815533986,3.0405145631067962,2.779899029126214,2.9826,15268,0.965242718446602
1367,2022-09-21,2.953642718446602,2.9922524271844666,2.83926145631068,2.9826,2198,0.965242718446602
1368,2022-09-22,2.881244855305466,3.0308572347266884,2.881244855305466,3.0019,1164,0.9652411575562702
1369,2022-09-23,2.982530847457627,2.982530847457627,2.808791186440678,2.8474,4636,0.9652203389830508
1370,2022-09-26,2.75090625,3.0018661184210527,2.75090625,2.9343,2568,0.9652302631578947
1371,2022-09-27,2.750877966101695,2.9342698305084745,2.750877966101695,2.8474,4111,0.9652203389830508
1372,2022-09-28,2.7702475694444444,2.905381597222222,2.7702475694444444,2.7799,1511,0.9652430555555556
1373,2022-09-29,2.8233120805369123,2.8764,2.750919463087248,2.8764,2379,0.965234899328859
1374,2022-09-30,2.876429370629371,2.876429370629371,2.7606,2.7606,1939,0.9652447552447554
1375,2022-10-03,2.712252142857143,2.712252142857143,2.7026,2.7026,1127,0.9652142857142857
1376,2022-10-04,2.7898553714285717,2.7898553714285717,2.7026,2.7026,1103,0.9652142857142857
1377,2022-10-05,2.7315564285714284,2.7315564285714284,2.7026,2.7026,993,0.9652142857142857
1378,2022-10-06,2.702669026548672,2.7268,2.702669026548672,2.7268,600,0.9652389380530972
1379,2022-10-07,2.702661818181818,2.7123141818181815,2.6544,2.6544,5592,0.9652363636363636
1380,2022-10-10,2.6833,2.6833,2.6833,2.6833,718,0.9652158273381296
1381,2022-10-11,2.664,2.664,2.6543478260869566,2.664,1287,0.9652173913043479
1382,2022-10-12,2.6544,2.702661818181818,2.6544,2.6544,3282,0.9652363636363636
1383,2022-10-13,2.7074784946236563,2.7074784946236563,2.676204946236559,2.693,544,0.9652329749103943
1384,2022-10-14,2.818485198555957,2.818485198555957,2.664047653429603,2.6737,820,0.9652346570397112
1385,2022-10-17,2.7508833333333333,2.7508833333333333,2.6061,2.6061,2689,0.9652222222222222
1386,2022-10-18,2.6746699636363633,2.755749818181818,2.6544,2.6544,1460,0.9652363636363636
1387,2022-10-19,2.7508833333333333,2.7508833333333333,2.6061,2.6061,3376,0.9652222222222222
1388,2022-10-20,2.6060869565217395,2.664,2.6060869565217395,2.664,1206,0.9652173913043479
1389,2022-10-21,2.664,2.664,2.664,2.664,312,0.9652173913043479
1390,2022-10-24,2.625420350877193,2.7509,2.625420350877193,2.7509,9703,0.9652280701754387
1391,2022-10-25,2.750947552447553,2.7606,2.750947552447553,2.7606,2367,0.9652447552447554
1392,2022-10-26,2.8184813333333336,2.8957,2.664044,2.8957,4059,0.9652333333333334
1393,2022-10-27,2.963304918032787,2.9826098360655737,2.866780327868853,2.944,8535,0.9652459016393443
1394,2022-10-28,2.9535652173913043,2.9535652173913043,2.847391304347826,2.886,2388,0.9652173913043478
1395,2022-10-31,2.803982926829268,2.905331707317073,2.760547735191637,2.7702,1370,0.9652264808362369
1396,2022-11-01,2.722032892928866,2.9149815030123665,2.722032892928866,2.7396,2144,0.965225663249128
1397,2022-11-02,2.915004666666667,2.924657,2.712305666666667,2.8957,1972,0.9652333333333334
1398,2022-11-03,2.9150429660429658,2.934347886347886,2.741298683298683,2.7857,1060,0.9652460152460152
1399,2022-11-04,2.9149478547854786,2.9246,2.905295709570957,2.9246,894,0.9652145214521453
1400,2022-11-07,2.972943448275862,3.021205517241379,2.788292772413793,2.7992,3678,0.9652413793103448
1401,2022-11-08,3.021210763888889,3.021210763888889,2.7799,2.7799,814,0.9652430555555556
1402,2022-11-09,2.924622184300341,2.924622184300341,2.760534470989761,2.8281,4100,0.965221843003413
1403,2022-11-10,2.7605629139072847,2.9246523178807946,2.7605629139072847,2.915,1820,0.9652317880794702
1404,2022-11-11,2.818467973856209,2.9536,2.817406222222222,2.9536,3042,0.9652287581699346
1405,2022-11-14,3.011514852462253,3.011514852462253,2.7798598638113097,2.9342,2752,0.9652291193789271
1406,2022-11-15,2.943971283783784,3.030842567567568,2.8571,2.8571,5755,0.9652364864864865
1407,2022-11-16,2.9729,2.9922045454545456,2.9729,2.9729,634,0.9652272727272727
1408,2022-11-17,2.8860384868421054,2.9343,2.8860384868421054,2.9343,423,0.9652302631578947
1409,2022-11-18,2.9632615894039733,2.9632615894039733,2.905347682119205,2.915,2320,0.9652317880794702
1410,2022-11-21,2.7895573426573432,2.818514685314686,2.7606,2.7606,9291,0.9652447552447554
1411,2022-11-22,2.7798568421052634,2.813639824561404,2.7509,2.7509,2720,0.9652280701754387
1412,2022-11-23,2.8763,2.8763,2.8763,2.8763,383,0.9652337326755931
1413,2022-11-25,2.770178197424893,2.8112,2.7412216309012876,2.8112,1027,0.9652188841201716
1414,2022-11-28,2.789567375886525,2.789567375886525,2.6737375886524823,2.722,1709,0.9652482269503546
1415,2022-11-29,2.7798881415929197,2.7798881415929197,2.7268,2.7268,1201,0.9652389380530972
1416,2022-11-30,2.7027770798611113,2.7799,2.7027770798611113,2.7799,480,0.9652430555555556
1417,2022-12-01,2.770182372881356,2.8474,2.770182372881356,2.8474,1283,0.9652203389830508
1418,2022-12-02,2.7895,2.7895,2.7895,2.7895,464,0.9652249134948097
1419,2022-12-05,2.7702283636363636,2.7702283636363636,2.6544,2.6544,9068,0.9652363636363636
1420,2022-12-06,2.6061125521596935,2.6061125521596935,2.5676,2.5676,2702,0.9652268711702569
1421,2022-12-07,2.634967176505444,2.634967176505444,2.6063,2.6063,706,0.965224798163099
1422,2022-12-08,2.5288563706563707,2.5964212355212353,2.432335135135135,2.4999,13837,0.9652123552123552
1423,2022-12-09,2.4806,2.4902521400778213,2.441991439688716,2.4806,3580,0.9652140077821012
1424,2022-12-12,2.413063909774436,2.5675,2.413063909774436,2.5675,7196,0.9652255639097743
1425,2022-12-13,2.41310861423221,2.5772,2.41310861423221,2.5772,8449,0.9652434456928839
1426,2022-12-14,2.4227228215767633,2.4227228215767633,2.3262,2.3262,3447,0.9652282157676348
1427,2022-12-15,2.33588798210365,2.374497700816107,2.326235552425536,2.33,5383,0.9652429678114256
1428,2022-12-16,2.374422393822394,2.516694694980695,2.3551181467181466,2.4999,9673,0.9652123552123552
1429,2022-12-19,2.3938,2.3938,2.3938,2.3938,6777,0.965241935483871
1430,2022-12-20,2.374452244897959,2.3745487673469388,2.3648,2.3648,3620,0.9652244897959182
1431,2022-12-21,2.355204958677686,2.35617020661157,2.3262475206611573,2.3359,3669,0.9652479338842976
1432,2022-12-22,2.335877435097404,2.413,2.3262250490019603,2.413,8380,0.9652386095443818
1433,2022-12-23,2.3262475206611573,2.3359,2.3262475206611573,2.3359,1889,0.9652479338842976
1434,2022-12-27,2.268265135699374,2.3358304801670147,2.268265135699374,2.3117,5908,0.9652192066805846
1435,2022-12-28,2.287609442060086,2.287705965665236,2.249,2.249,1419,0.965236051502146
1436,2022-12-29,2.2586366972477063,2.2634628440366975,2.1042,2.1042,9095,0.9652293577981651
1437,2022-12-30,2.287591627509611,2.33585305425032,2.2393302007689018,2.2596,5526,0.9652285348141818
1438,2023-01-03,2.027020661157025,2.3359,2.027020661157025,2.3359,11143,0.9652479338842976
1439,2023-01-04,2.268281893004115,2.4034135802469137,2.268281893004115,2.3455,2832,0.9652263374485596
1440,2023-01-05,2.3406649797570847,2.3841,2.3406649797570847,2.3841,935,0.9652226720647773
1441,2023-01-06,2.3455510020081145,2.442075734601041,2.3455510020081145,2.3553,1300,0.9652473259292652
1442,2023-01-09,2.4613430232558136,2.4903,2.4034290697674416,2.4903,2780,0.9652325581395348
1443,2023-01-10,2.490296682759695,2.490296682759695,2.374468930073197,2.4791,2470,0.9652312723874785
1444,2023-01-11,2.4131,2.461362,2.4131,2.4131,4621,0.96524
1445,2023-01-12,2.519226506024096,2.519226506024096,2.326182329317269,2.4034,4599,0.9652208835341365
1446,2023-01-13,2.43235219123506,2.43235219123506,2.4227,2.4227,1098,0.9652191235059762
1447,2023-01-17,2.4613384615384613,2.528904615384615,2.3551630769230765,2.5096,8160,0.9652307692307691
1448,2023-01-18,2.4420752851711027,2.5386,2.4420752851711027,2.5386,1474,0.9652471482889735
1449,2023-01-19,2.4902744939271253,2.509578947368421,2.374447773279352,2.3841,7954,0.9652226720647773
1450,2023-01-20,2.364838,2.4131,2.2876188,2.4131,5364,0.96524
1451,2023-01-23,2.31077109375,2.471,2.2972578125,2.471,7736,0.965234375
1452,2023-01-24,2.4613353293413174,2.470987624750499,2.3551600798403194,2.4179,7181,0.9652295409181637
1453,2023-01-25,2.413039215686275,2.4613,2.3744305882352945,2.4613,3896,0.9652156862745099
1454,2023-01-26,2.4516478431372555,2.4613,2.44199568627451,2.4613,1943,0.9652156862745099
1455,2023-01-27,2.4564739215686275,2.4613,2.4564739215686275,2.4613,771,0.9652156862745099
1456,2023-01-30,2.393730739299611,2.4806,2.393730739299611,2.4806,5980,0.9652140077821012
1457,2023-01-31,2.499917529880478,2.499917529880478,2.4227,2.4227,2230,0.9652191235059762
1458,2023-02-01,2.4227572580645163,2.461366935483871,2.3938,2.3938,3447,0.965241935483871
1459,2023-02-02,2.4801744685039373,2.4801744685039373,2.4130905511811025,2.4517,1875,0.9652362204724411
1460,2023-02-03,2.4516565737051796,2.4806131474103585,2.4082217131474106,2.4227,2383,0.9652191235059762
1461,2023-02-06,2.4226913725490196,2.4902564705882355,2.413039215686275,2.4613,4552,0.9652156862745099
1462,2023-02-07,2.4806619047619045,2.4903142857142857,2.403442857142857,2.4324,4355,0.9652380952380952
1463,2023-02-08,2.3647784313725495,2.4709521568627455,2.3647784313725495,2.4613,2637,0.9652156862745099
1464,2023-02-09,2.393814876033058,2.480687190082645,2.2683326446280994,2.3359,6457,0.9652479338842976
1465,2023-02-10,2.3359,2.3359,2.3359,2.3359,149,0.9652479338842976
1466,2023-02-13,2.3359,2.3455524793388434,2.3359,2.3359,937,0.9652479338842976
1467,2023-02-14,2.26829079497908,2.3455092050209205,2.26829079497908,2.3069,1955,0.9652301255230126
1468,2023-02-15,2.268319383259912,2.28762422907489,2.1525868325991193,2.1911,8641,0.9652422907488987
1469,2023-02-16,2.1901475619834714,2.3359,2.1814603305785125,2.3359,4045,0.9652479338842976
1470,2023-02-17,2.3551433198380565,2.461317813765182,2.200707692307692,2.3841,22116,0.9652226720647773
1471,2023-02-21,2.384073305084746,2.422585258474576,2.274811322033898,2.2779,3408,0.9652118644067796
1472,2023-02-22,2.374515,2.4227775,2.2779900000000004,2.3166,2152,0.9652500000000002
1473,2023-02-23,2.2441134453781517,2.403373109243698,2.229635294117647,2.2972,11923,0.9652100840336135
1474,2023-02-24,2.3841675000000007,2.3938200000000003,2.3166,2.3166,1119,0.9652500000000002
1475,2023-02-27,2.422695652173913,2.442,2.3552269565217396,2.442,1975,0.9652173913043479
1476,2023-02-28,2.4227524,2.4324048,2.3551856,2.4131,1502,0.96524
1477,2023-03-01,2.451698818178126,2.451698818178126,2.3767,2.3767,973,0.9652357551882387
1478,2023-03-02,2.4516655870445345,2.4516655870445345,2.3551433198380565,2.3841,1180,0.9652226720647773
1479,2023-03-03,2.4613331101719735,2.4709853968785307,2.248982802627725,2.3068,8813,0.965228670655676
1480,2023-03-06,2.240492167364017,2.3262046025104604,2.240492167364017,2.3069,4020,0.9652301255230126
1481,2023-03-07,2.2586384937238493,2.3164557782426782,2.2586384937238493,2.3069,3509,0.9652301255230126
1482,2023-03-08,2.374470886075949,2.374470886075949,2.2876,2.2876,934,0.9652320675105485
1483,2023-03-09,2.281773913043478,2.331,2.277913043478261,2.331,1633,0.9652173913043478
1484,2023-03-10,2.258643037974683,2.2876,2.258643037974683,2.2876,1022,0.9652320675105485
1485,2023-03-13,2.2586253061224486,2.4034089795918367,2.210364081632653,2.3648,9088,0.9652244897959182
1486,2023-03-14,2.3455187234042554,2.4227374468085103,2.239342978723404,2.2683,12191,0.9652340425531915
1487,2023-03-15,2.268273279352227,2.4130566801619433,2.1814032388663964,2.3841,12967,0.9652226720647773
1488,2023-03-16,2.3069236,2.4131,2.3069236,2.4131,2609,0.96524
1489,2023-03-17,2.4034,2.4034,2.355138955823293,2.4034,2047,0.9652208835341365
1490,2023-03-20,2.403442857142857,2.4420523809523806,2.2973631904761906,2.4324,9738,0.9652380952380952
1491,2023-03-21,2.3938,2.4131048387096774,2.3938,2.3938,2547,0.965241935483871
1492,2023-03-22,2.3937659751037343,2.3937659751037343,2.277938589211618,2.3262,5739,0.9652282157676348
1493,2023-03-23,2.3744433734939756,2.4034,2.3222249236947787,2.4034,3505,0.9652208835341365
1494,2023-03-24,2.3068779116465863,2.4034,2.268269076305221,2.4034,3722,0.9652208835341365
1495,2023-03-27,2.345537903225807,2.3938,2.345537903225807,2.3938,809,0.965241935483871
1496,2023-03-28,2.30644098,2.4131,2.2877153239999997,2.4131,2393,0.96524
1497,2023-03-29,2.2779664,2.4131,2.2779664,2.4131,2011,0.96524
1498,2023-03-30,2.4130522088353414,2.4130522088353414,2.3068779116465863,2.4034,1924,0.9652208835341365
1499,2023-03-31,2.3599981637899377,2.413086057044926,2.307006793977231,2.3655,1818,0.9652344228179704
1500,2023-04-03,2.3220054000000006,2.4130284750000004,2.3166,2.3166,2421,0.9652500000000002
1501,2023-04-04,2.3648,2.4130612244897955,2.35997387755102,2.3648,5664,0.9652244897959182
1502,2023-04-05,2.403452419354839,2.403452419354839,2.345537903225807,2.3938,5689,0.965241935483871
1503,2023-04-06,2.4034673553719013,2.4034673553719013,2.3359,2.3359,1812,0.9652479338842976
1504,2023-04-10,2.355190322580645,2.3938,2.355190322580645,2.3938,2127,0.965241935483871
1505,2023-04-11,2.3484432786885248,2.374504918032787,2.3484432786885248,2.3552,785,0.9652459016393443
1506,2023-04-12,2.3551520587036285,2.4034133713819816,2.345403273542601,2.3677,9599,0.9652262535670608
1507,2023-04-13,2.3474683870967743,2.403452419354839,2.335885483870968,2.3938,10524,0.965241935483871
1508,2023-04-14,2.4034,2.4034,2.3165301204819273,2.4034,8670,0.9652208835341365
1509,2023-04-17,2.3261866396761133,2.3841,2.29722995951417,2.3841,6656,0.9652226720647773
1510,2023-04-18,2.2876,2.3841232067510547,2.248990717299578,2.2876,11628,0.9652320675105485
1511,2023-04-19,2.2393523809523805,2.345432047619047,2.1621333333333332,2.2297,10460,0.9652380952380951
1512,2023-04-20,2.2450870085470087,2.268252136752137,2.2392957264957265,2.2586,5171,0.9652136752136753
1513,2023-04-21,2.2730913585554595,2.2730913585554595,2.22965649183147,2.2451,6571,0.9652192605331039
1514,2023-04-24,2.175940925764192,2.2297048034934495,2.1658059039301305,2.2104,2198,0.965240174672489
1515,2023-04-25,2.2200307692307693,2.234509230769231,2.1959,2.1959,4786,0.9652307692307692
1516,2023-04-26,2.142783477321814,2.171836532577394,2.1138269438444923,2.1451,9106,0.9652177825773938
1517,2023-04-27,2.1428045454545455,2.1524568181818178,2.0945431818181817,2.1235,4477,0.9652272727272726
1518,2023-04-28,2.1043,2.1043,2.1043,2.1043,1373,0.9652309527085913
1519,2023-05-01,2.1440593409090907,2.1440593409090907,2.1235,2.1235,790,0.9652272727272726
1520,2023-05-02,2.1235,2.1235,2.1235,2.1235,545,0.9652272727272726
1521,2023-05-03,2.104247488584475,2.200772602739726,2.104247488584475,2.1139,2773,0.9652511415525115
1522,2023-05-04,2.1041954545454544,2.1235,2.075238636363636,2.1235,2580,0.9652272727272726
1523,2023-05-05,2.138006986899563,2.2104,2.1244936244541486,2.2104,8781,0.965240174672489
1524,2023-05-08,2.162104504504504,2.1957908648648647,2.075234234234234,2.1428,8220,0.965225225225225
1525,2023-05-09,2.0848559521652477,2.1308,2.0848559521652477,2.1308,1062,0.9652110889653923
1526,2023-05-10,2.123596522727272,2.1487889545454544,2.1235,2.1235,1271,0.9652272727272726
1527,2023-05-11,2.162130925507901,2.171783295711061,2.12352144469526,2.138,2613,0.9652370203160271
1528,2023-05-12,2.148,2.148,2.148,2.148,165,0.9652197357778377
1529,2023-05-15,2.1718,2.1718,2.142842666666667,2.1718,4700,0.9652444444444446
1530,2023-05-16,2.1572783783783778,2.1572783783783778,2.1428,2.1428,1028,0.965225225225225
1531,2023-05-17,2.1041909909909906,2.1428,2.1041909909909906,2.1428,2054,0.965225225225225
1532,2023-05-18,2.114,2.114,2.114,2.114,117,0.9652527281859274
1533,2023-05-19,2.123542600896861,2.1525,2.123542600896861,2.1525,518,0.9652466367713004
1534,2023-05-22,2.1525,2.1525,2.1525,2.1525,264,0.9652466367713004
1535,2023-05-23,2.104156279069768,2.1234604651162794,2.046243720930233,2.0752,5960,0.9652093023255816
1536,2023-05-24,2.1331366646598435,2.1331366646598435,2.0804356411800122,2.0842,1628,0.9652202102533228
1537,2023-05-25,2.1089823255813958,2.1089823255813958,2.0752,2.0752,773,0.9652093023255816
1538,2023-05-26,2.0607218604651165,2.0752,2.0607218604651165,2.0752,415,0.9652093023255816
1539,2023-05-30,2.0463,2.0607785377358487,2.0463,2.0463,6406,0.9652358490566038
1540,2023-05-31,2.0269906542056075,2.0656,2.0269906542056075,2.0656,6211,0.965233644859813
1541,2023-06-01,2.0511214953271026,2.0656,2.0462953271028037,2.0656,1515,0.965233644859813
1542,2023-06-02,2.0269952830188678,2.09456179245283,2.0269952830188678,2.0463,4722,0.9652358490566038
1543,2023-06-05,2.046304761904762,2.046304761904762,2.027,2.027,1919,0.9652380952380952
1544,2023-06-06,2.065547906976745,2.0752,2.0510697674418608,2.0752,6947,0.9652093023255816
1545,2023-06-07,2.084878228782288,2.0926,2.0800521217712173,2.0926,1325,0.9652214022140221
1546,2023-06-08,2.0926,2.0926,2.0926,2.0926,128,0.9652214022140221
1547,2023-06-09,2.0800738425925926,2.0849,2.0800738425925926,2.0849,651,0.9652314814814815
1548,2023-06-12,2.0848998388210918,2.096,2.0848998388210918,2.096,1319,0.9652314068616165
1549,2023-06-13,2.2297301369863014,2.2393826484018264,2.0945949771689496,2.1139,4961,0.9652511415525115
1550,2023-06-14,2.1139,2.1139,2.1139,2.1139,312,0.9652511415525115
1551,2023-06-16,2.1234910714285715,2.1621,2.1234910714285715,2.1621,573,0.9652232142857142
1552,2023-06-20,2.007695238095238,2.1234272857142855,2.007695238095238,2.027,13630,0.9652380952380952
1553,2023-06-21,2.027,2.027,2.027,2.027,86,0.9652380952380952
1554,2023-06-22,2.036667156862745,2.036667156862745,1.9691,1.9691,3329,0.9652450980392157
1555,2023-06-23,1.9593829383886257,2.0907484644549768,1.9593829383886257,2.0366,9324,0.9652132701421802
1556,2023-06-26,1.9594292270885212,1.9898341633709296,1.9594292270885212,1.9769,4102,0.9652360724573997
1557,2023-06-27,1.944115111111111,1.944115111111111,1.8822424242424243,1.9112,13015,0.9652525252525253
1558,2023-06-28,1.907329108910891,1.9642787128712873,1.9015376237623762,1.9498,11863,0.9652475247524752
1559,2023-06-29,1.8773880952380955,1.9304761904761907,1.7856904761904764,1.8243,10542,0.9652380952380953
1560,2023-06-30,1.8435953367875648,1.9111616580310882,1.8435953367875648,1.8629,2780,0.9652331606217617
1561,2023-07-03,1.9497709844559585,1.9497709844559585,1.8629,1.8629,999,0.9652331606217617
1562,2023-07-05,1.89189,1.9305,1.89189,1.9305,2929,0.96525
1563,2023-07-06,1.978752450980392,1.978752450980392,1.901532843137255,1.9691,586,0.9652450980392157
1564,2023-07-07,1.9691204081632654,1.9786764336734695,1.8460503826530612,1.8919,6577,0.9652551020408163
1565,2023-07-10,1.8532042105263158,1.8918126315789474,1.8339,1.8339,8176,0.9652105263157895
1566,2023-07-11,1.8397344041450776,1.8629,1.833943005181347,1.8629,10049,0.9652331606217617
1567,2023-07-12,1.8918836363636362,1.9690068519480517,1.8339688311688311,1.8581,30310,0.9652467532467532
1568,2023-07-13,1.8532129032258062,1.8895049892473117,1.7470392473118277,1.7953,39620,0.9652150537634407
1569,2023-07-14,1.7953087912087913,1.7953087912087913,1.7470478021978022,1.7567,22640,0.9652197802197802
1570,2023-07-17,1.8242699999999998,1.8242699999999998,1.7374,1.7374,3631,0.9652222222222222
1571,2023-07-18,1.7856738544474393,1.8242830188679244,1.7856738544474393,1.7905,3507,0.9652291105121293
1572,2023-07-19,1.814647619047619,1.8243,1.7856904761904764,1.8243,13764,0.9652380952380953
1573,2023-07-20,1.7374921263736263,1.804960989010989,1.7374921263736263,1.7567,1491,0.9652197802197802
1574,2023-07-21,1.7857,1.8146572972972972,1.7857,1.7857,3460,0.9652432432432433
1575,2023-07-24,1.7953133333333333,1.8146177777777777,1.7374,1.7374,9125,0.9652222222222222
1576,2023-07-25,1.7663903743315506,1.8243048128342243,1.7663903743315506,1.805,1804,0.9652406417112298
1577,2023-07-26,1.8242396907216494,1.8725,1.8194136597938144,1.8725,3371,0.9652061855670103
1578,2023-07-27,1.8629144385026735,1.8725668449197859,1.7876256684491978,1.805,4107,0.9652406417112298
1579,2023-07-28,1.7953573770491804,1.833967213114754,1.7664,1.7664,9358,0.9652459016393442
1580,2023-07-31,1.8098360655737704,1.8098360655737704,1.7664,1.7664,510,0.9652459016393442
1581,2023-08-01,1.7630368644067795,1.7630368644067795,1.7085,1.7085,13024,0.9652542372881355
1582,2023-08-02,1.7374090909090911,1.7760181818181822,1.6119295454545455,1.6988,12442,0.9652272727272728
1583,2023-08-03,1.7277950276243095,1.7808837016574586,1.6988375690607735,1.7471,9550,0.9652486187845304
1584,2023-08-04,1.7277229166666668,1.8532,1.7277229166666668,1.8532,1506,0.9652083333333333
1585,2023-08-07,1.8531958762886598,1.8531958762886598,1.7976,1.7976,410,0.9652061855670103
1586,2023-08-08,1.8820820494505492,1.901482967032967,1.7567,1.7567,21874,0.9652197802197802
1587,2023-08-09,1.7180869565217392,1.8146086956521739,1.6408695652173912,1.776,5371,0.9652173913043478
1588,2023-08-10,1.7181525423728812,1.7181525423728812,1.6602372881355931,1.7085,2219,0.9652542372881355
1589,2023-08-11,1.6409226519337017,1.8585862154696133,1.6409226519337017,1.7471,2893,0.9652486187845304
1590,2023-08-14,1.727758883248731,1.9208045685279187,1.727758883248731,1.9015,9377,0.9652284263959391
1591,2023-08-15,1.882252032520325,1.882252032520325,1.6945094579945799,1.7809,9333,0.9652574525745257
1592,2023-08-16,1.747078015822602,1.7567303805509038,1.6715,1.6715,1787,0.9652364728301669
1593,2023-08-17,1.7905213903743313,1.9497860962566842,1.7374331550802138,1.805,6423,0.9652406417112298
1594,2023-08-18,1.6601822222222222,1.9111399999999998,1.6601822222222222,1.7374,3161,0.9652222222222222
1595,2023-08-21,1.8057165354330709,1.8935622047244094,1.7178708661417323,1.8594,6243,0.9760629921259842
1596,2023-08-22,1.8838214659685866,1.961907329842932,1.8643,1.8643,1910,0.9760732984293194
1597,2023-08-23,1.8691939698492461,1.9814432160804016,1.8156071557788944,1.9424,2731,0.9760804020100502
1598,2023-08-24,1.8740363636363635,1.9521212121212121,1.8740363636363635,1.9326,2815,0.9760606060606061
1599,2023-08-25,1.9131559999999999,1.991244,1.8692315,1.9522,1909,0.9761
1600,2023-08-28,1.952190476190476,2.108365714285714,1.952190476190476,2.0498,11295,0.976095238095238
1601,2023-08-29,2.098582547169811,2.098582547169811,1.981452358490566,2.0693,9253,0.9760849056603774
1602,2023-08-30,2.1374988214285717,2.1374988214285717,1.9131,1.9131,3564,0.9760714285714286
1603,2023-08-31,1.922827711672731,2.049714819549612,1.922827711672731,1.9851,2852,0.9760546759760056
1604,2023-09-01,2.0399666666666665,2.0399666666666665,1.9326,1.9326,1372,0.9760606060606061
1605,2023-09-05,1.9033,1.9033,1.9033,1.9033,933,0.9760512820512821
1606,2023-09-06,1.8447371495327103,1.8457132009345796,1.805695093457944,1.8381,5040,0.976051401869159
1607,2023-09-07,1.9618900269541777,1.9618900269541777,1.8106,1.8106,2545,0.9760646900269542
1608,2023-09-08,1.9783610789473685,1.9783610789473685,1.800914710526316,1.8545,2985,0.9760526315789474
1609,2023-09-11,1.9131,1.9131,1.9131,1.9131,899,0.9760714285714286
1610,2023-09-12,1.7861968085106383,1.9326063829787234,1.7861968085106383,1.835,5209,0.976063829787234
1611,2023-09-13,1.9228210256410256,1.9228210256410256,1.815455384615385,1.9033,4076,0.9760512820512821
1612,2023-09-14,1.9521025641025642,1.9521025641025642,1.8252158974358976,1.9033,3216,0.9760512820512821
1613,2023-09-15,1.9424,1.9424,1.791107537688442,1.9424,11396,0.9760804020100502
1614,2023-09-18,1.9521649484536083,1.9521649484536083,1.86919793814433,1.8936,5065,0.9760824742268042
1615,2023-09-19,1.8448171875000001,1.8741,1.7569687500000002,1.8741,11276,0.9760937500000001
1616,2023-09-20,1.8349953964194372,1.9911652173913041,1.8349953964194372,1.9082,3261,0.9760613810741687
1617,2023-09-21,1.9814429012345678,1.9814429012345678,1.8252700617283952,1.8975,8170,0.9760802469135803
1618,2023-09-22,1.9423420512820513,1.9423420512820513,1.854497435897436,1.9033,8367,0.9760512820512821
1619,2023-09-25,1.898480412371134,1.9231752989690722,1.8936,1.8936,913,0.9760824742268042
1620,2023-09-26,1.8546531873143828,1.8546531873143828,1.7813494378447179,1.8405,2509,0.9760818837505304
1621,2023-09-27,1.8253,1.8253,1.8253,1.8253,366,0.9760962566844918
1622,2023-09-28,1.8156193478260871,1.873989347826087,1.717913043478261,1.796,3081,0.9760869565217392
1623,2023-09-29,1.893560621761658,1.893560621761658,1.8838,1.8838,1333,0.9760621761658032
1624,2023-10-02,1.805735602094241,1.8838214659685866,1.7178890052356022,1.8643,9611,0.9760732984293194
1625,2023-10-03,1.7374725386666667,1.8301,1.7374725386666667,1.8301,521,0.9760533333333333
1626,2023-10-04,1.8252426229508196,1.8252426229508196,1.7862,1.7862,988,0.9760655737704917
1627,2023-10-05,1.7862,1.7862,1.7862,1.7862,1417,0.9760655737704917
1628,2023-10-06,1.786221546961326,1.8740685082872928,1.7667,1.7667,8402,0.9760773480662983
1629,2023-10-09,1.7471422857142858,1.7617831428571429,1.7081,1.7081,6872,0.9760571428571428
1630,2023-10-10,1.756939226519337,1.7667,1.756939226519337,1.7667,538,0.9760773480662983
1631,2023-10-11,1.7765,1.7765,1.7765,1.7765,490,0.9760989010989011
1632,2023-10-12,1.8155,1.8155,1.8155,1.8155,310,0.9760752688172042
1633,2023-10-13,1.852843410810811,1.852843410810811,1.678812972972973,1.8057,8907,0.9760540540540541
1634,2023-10-16,1.864348901098901,1.942436813186813,1.756978021978022,1.7765,6843,0.9760989010989011
1635,2023-10-17,1.7569248554913295,1.766685549132948,1.6886,1.6886,2025,0.9760693641618498
1636,2023-10-18,1.7569,1.7569,1.7569,1.7569,444,0.9760555555555555
1637,2023-10-19,1.8838,1.8838,1.8838,1.8838,1036,0.9760621761658032
1638,2023-10-20,1.9228509695290859,1.9228509695290859,1.7373983379501385,1.7618,1497,0.9760664819944599
1639,2023-10-23,1.8447767441860465,1.8887,1.8447767441860465,1.8887,316,0.9760723514211886
1640,2023-10-24,1.8887,1.8887,1.8887,1.8887,272,0.9760723514211886
1641,2023-10-25,1.825126283333333,1.825126283333333,1.7081948277777776,1.7569,11833,0.9760555555555555
1642,2023-10-26,1.7081067391767968,1.8545158882490935,1.7081067391767968,1.8307,1941,0.9760609938153124
1643,2023-10-27,1.835,1.835,1.835,1.835,399,0.976063829787234
1644,2023-10-30,1.805775147928994,1.8155360946745562,1.6398390532544378,1.6496,8167,0.976094674556213
1645,2023-10-31,1.6495309329158694,1.7666573896909608,1.6495309329158694,1.6834,12221,0.9760538064590943
1646,2023-11-01,1.6788737430167597,1.7472,1.6788737430167597,1.7472,725,0.9760893854748603
1647,2023-11-02,1.737456043956044,1.7765,1.727695054945055,1.7765,1050,0.9760989010989011
1648,2023-11-03,1.8199686170212765,1.8545212765957446,1.7082093085106382,1.835,2418,0.976063829787234
1649,2023-11-06,1.7081392045454544,1.8155079545454547,1.6593352272727273,1.7179,9129,0.9760795454545454
1650,2023-11-07,1.796032558139535,1.796032558139535,1.6789,1.6789,5062,0.9761046511627908
1651,2023-11-08,1.6789,1.6789,1.6789,1.6789,339,0.9761046511627908
1652,2023-11-09,1.6691376623376624,1.6886597402597403,1.4739168831168832,1.5032,16688,0.9761038961038961
1653,2023-11-10,1.5617,1.669066875,1.512896875,1.5617,15957,0.9760625
1654,2023-11-13,1.4933962025316454,1.5617215189873417,1.4543531645569618,1.5422,11315,0.9760759493670885
1655,2023-11-14,1.6788608187134504,1.7374257309941523,1.6592415730994152,1.6691,5814,0.9760818713450293
1656,2023-11-15,1.786178918918919,1.8252210810810812,1.7080945945945947,1.8057,2085,0.9760540540540541
1657,2023-11-16,1.8233431250000003,1.8741,1.8155343750000004,1.8741,7267,0.9760937500000001
1658,2023-11-17,1.7276360655737704,1.883806557377049,1.7276360655737704,1.7862,2585,0.9760655737704917
1659,2023-11-20,1.8493540082600868,1.8493540082600868,1.8434,1.8434,562,0.9760669278830879
1660,2023-11-21,1.825278306878307,1.8448,1.825278306878307,1.8448,1826,0.9760846560846561
1661,2023-11-22,1.7294845699481867,1.8838,1.7294845699481867,1.8838,860,0.9760621761658032
1662,2023-11-24,1.8837802597402598,1.8837802597402598,1.8647472467532469,1.8789,1427,0.9760519480519481
1663,2023-11-27,1.835,1.9814095744680849,1.835,1.835,5203,0.976063829787234
1664,2023-11-28,2.020527,2.040049,1.9521023899999999,1.9522,3199,0.9761
1665,2023-11-29,1.961865789473684,1.981386842105263,1.8448370789473683,1.8545,3459,0.9760526315789474
1666,2023-11-30,1.9859715435897436,1.9859715435897436,1.854497435897436,1.9033,7277,0.9760512820512821
1667,2023-12-01,1.864397607329843,1.864397607329843,1.8643,1.8643,1921,0.9760732984293194
1668,2023-12-04,1.8565088659793814,1.8936,1.8350350515463918,1.8936,1640,0.9760824742268042
1669,2023-12-05,1.8643,1.8643,1.8350178010471205,1.8643,2647,0.9760732984293194
1670,2023-12-06,1.835046288948844,1.8625719832830767,1.835046288948844,1.8451,1235,0.9760884515685341
1671,2023-12-07,1.864436671875,1.8790780781250003,1.864436671875,1.8741,1318,0.9760937500000001
1672,2023-12-08,1.8740607329842933,1.8740607329842933,1.8545392670157068,1.8643,5196,0.9760732984293194
1673,2023-12-11,1.7960027508861027,1.8594485002380574,1.7960027508861027,1.8451,2949,0.9760884515685341
1674,2023-12-12,1.8350434782608696,1.874086956521739,1.796,1.796,8426,0.9760869565217392
1675,2023-12-13,1.8740425531914893,1.9716489361702128,1.835,1.835,14884,0.976063829787234
1676,2023-12-14,1.95211970074813,2.009609625935162,1.8734492768079802,1.957,19051,0.976059850374065
1677,2023-12-15,2.0106848484848485,2.030206060606061,1.9326,1.9326,7744,0.9760606060606061
1678,2023-12-18,1.8545123152709362,2.0985270935960596,1.8545123152709362,1.9814,14811,0.9760591133004928
1679,2023-12-19,1.9813023940886703,1.9814,1.9813023940886703,1.9814,2597,0.9760591133004928
1680,2023-12-20,1.9814829999999997,1.9814829999999997,1.8936339999999998,1.9522,3916,0.9761
1681,2023-12-21,1.981421393034826,1.981421393034826,1.9229548208955227,1.9619,4909,0.9760696517412937
1682,2023-12-22,2.010696682464455,2.098542654028436,1.981414691943128,2.0595,8961,0.9760663507109005
1683,2023-12-26,2.030239234449761,2.1125224880382776,1.9228708133971293,2.04,18267,0.9760765550239235
1684,2023-12-27,2.0497361111111108,2.1254787407407405,1.9618902777777774,2.1083,7152,0.9760648148148147
1685,2023-12-28,2.079071321423701,2.1571585072048727,1.958133792445111,2.1473,17611,0.9760898222646484
1686,2023-12-29,2.157142565609567,2.4011632178278437,2.157142565609567,2.3915,19085,0.9760826088731073
1687,2024-01-02,2.3425573770491805,2.391360655737705,2.166865573770492,2.3816,30597,0.9760655737704919
1688,2024-01-03,2.287918347107438,2.3621,2.2841116570247935,2.3621,6812,0.9760743801652892
1689,2024-01-04,2.36207868852459,2.391360655737705,2.3425573770491805,2.3816,5018,0.9760655737704919
1690,2024-01-05,2.293788,2.4792432,2.293788,2.4402,8383,0.97608
1691,2024-01-08,2.4401785714285715,2.4782453571428578,2.3619952500000005,2.4597,7672,0.9760714285714287
1692,2024-01-09,2.4304352941176472,2.489,2.3816313725490197,2.489,3600,0.976078431372549
1693,2024-01-10,2.4109114082905214,2.5085191576140238,2.4109114082905214,2.4889,2974,0.9760774932350288
1694,2024-01-11,2.4011952191235064,2.684262948207172,2.3914342629482075,2.45,19140,0.9760956175298806
1695,2024-01-12,2.4207080459770114,2.674491954022989,2.3972818390804598,2.5476,21202,0.9760919540229885
1696,2024-01-16,2.567131474103586,2.6279422310756977,2.4402390438247017,2.45,13309,0.9760956175298806
1697,2024-01-17,2.514036401486989,2.6256,2.514036401486989,2.6256,3098,0.9760594795539034
1698,2024-01-18,2.518274716981132,2.684207547169811,2.479329305660377,2.5866,5312,0.9760754716981132
1699,2024-01-19,2.557339163498099,2.5963825095057036,2.4694916349809883,2.5671,8129,0.9760836501901141
1700,2024-01-22,2.528069758064516,2.5963959677419357,2.410939112903226,2.4207,5037,0.9760887096774193
1701,2024-01-23,2.4890039999999996,2.5573296,2.4304392,2.4402,17642,0.97608
1702,2024-01-24,2.5182607003891055,2.5475428015564203,2.440175097276265,2.5085,2201,0.9760700389105059
1703,2024-01-25,2.528073684210526,2.5964,2.479269172932331,2.5964,6303,0.9760902255639098
1704,2024-01-26,2.5865820610687025,2.6646675572519083,2.4991263053435113,2.5573,2390,0.9760687022900764
1705,2024-01-29,2.515367566539924,2.615904182509506,2.454850380228137,2.5671,8069,0.9760836501901141
1706,2024-01-30,2.6744060606060605,2.6841666666666666,2.5768,2.5768,2377,0.976060606060606
1707,2024-01-31,2.576879682679595,2.6577,2.4402269722344645,2.6577,7628,0.9760907888937859
1708,2024-02-01,2.684186303387334,2.684186303387334,2.528015463917525,2.651,3180,0.9760677466863033
1709,2024-02-02,2.630516,2.6842,2.6286614618181816,2.6842,1865,0.9760727272727273
1710,2024-02-05,2.6842,2.6842,2.6842,2.6842,265,0.9760727272727273
1711,2024-02-06,2.5573572016460906,2.5573572016460906,1.9717028806584362,2.3719,30173,0.9760905349794239
1712,2024-02-07,2.537816666666667,2.537816666666667,2.3426,2.3426,3707,0.9760833333333334
1713,2024-02-08,2.303585657370518,2.459760956175299,2.2547808764940243,2.45,7646,0.9760956175298806
1714,2024-02-09,2.5280231827111987,2.5280231827111987,2.4841,2.4841,909,0.9760707269155208
1715,2024-02-12,2.489030864197531,2.489030864197531,2.3719,2.3719,1941,0.9760905349794239
1716,2024-02-13,2.342592,2.5085255999999996,2.3328312,2.4402,2510,0.97608
1717,2024-02-14,2.352349019607843,2.5182823529411764,2.352349019607843,2.489,6249,0.976078431372549
1718,2024-02-15,2.508507287449392,2.508507287449392,2.3620963562753032,2.4109,3887,0.976072874493927
1719,2024-02-16,2.3621,2.4792289256198345,2.3328177685950413,2.3621,8093,0.9760743801652892
1720,2024-02-20,2.45,2.5183266932270922,2.3182270916334664,2.45,12449,0.9760956175298806
1721,2024-02-21,2.5085391472868213,2.5183,2.4987782945736434,2.5183,1520,0.9760852713178294
1722,2024-02-22,2.440185185185185,2.6354,2.3955786,2.6354,4818,0.9760740740740741
1723,2024-02-23,2.684203703703704,2.684203703703704,2.5182711111111113,2.6354,12678,0.9760740740740741
1724,2024-02-26,2.6060966911764702,2.6841819852941176,2.537772058823529,2.6549,2351,0.9760661764705881
1725,2024-02-27,2.640259007352941,2.6841819852941176,2.640259007352941,2.6549,2851,0.9760661764705881
1726,2024-02-28,2.6842216117216116,2.7427864468864467,2.6647,2.6647,16421,0.976080586080586
1727,2024-02-29,2.693982417582417,2.708623626373626,2.6256567765567764,2.6647,6543,0.976080586080586
1728,2024-03-01,2.656855505617978,2.811074157303371,2.6061,2.6061,8577,0.9760674157303372
1729,2024-03-04,2.645124242424242,2.6939272727272723,2.5670393939393934,2.5768,7109,0.976060606060606
1730,2024-03-05,2.5573520295202954,2.762330627306273,2.5573520295202954,2.6452,5364,0.9760885608856089
1731,2024-03-06,2.5475327205882348,2.7232246323529408,2.5475327205882348,2.6549,2054,0.9760661764705881
1732,2024-03-07,2.579659178571429,2.791564285714286,2.579659178571429,2.733,3154,0.9760714285714287
1733,2024-03-08,2.780064614840989,2.780064614840989,2.752539222614841,2.7623,891,0.9760777385159011
1734,2024-03-11,2.9087391304347827,2.9282608695652175,2.6451956521739133,2.694,9108,0.9760869565217392
1735,2024-03-12,2.8111304347826085,2.8111304347826085,2.6514426086956524,2.694,2143,0.9760869565217392
1736,2024-03-13,2.7566823870967743,2.879572519713262,2.7233,2.7233,11954,0.9760931899641577
1737,2024-03-14,2.8501921146953406,2.850289724014337,2.606168817204301,2.7233,3465,0.9760931899641577
1738,2024-03-15,2.606156457564576,2.859939483394834,2.606156457564576,2.6452,8388,0.9760885608856089
1739,2024-03-18,2.6549432835820896,2.800769947761194,2.6159,2.6159,10018,0.9760820895522387
1740,2024-03-19,2.6548951699463332,2.752501610017889,2.6548951699463332,2.7281,1485,0.9760644007155636
1741,2024-03-20,2.801387455197133,2.801387455197133,2.5476032258064514,2.7233,12573,0.9760931899641577
1742,2024-03-21,2.7233,2.7233,2.7233,2.7233,271,0.9760931899641577
1743,2024-03-22,2.8111079136690647,2.8111079136690647,2.556351258992806,2.7135,13426,0.9760791366906475
1744,2024-03-25,2.7135,2.7135,2.7135,2.7135,326,0.9760791366906475
1745,2024-03-26,2.713482181818182,2.713482181818182,2.5670712727272726,2.6842,3383,0.9760727272727273
1746,2024-03-27,2.5377857142857145,2.733,2.5377857142857145,2.733,17180,0.9760714285714287
1747,2024-03-28,2.723239285714286,2.733,2.4401785714285715,2.733,24992,0.9760714285714287
1748,2024-04-01,2.7329787234042553,2.7720212765957446,2.4596808510638297,2.7525,13570,0.976063829787234
1749,2024-04-02,2.586625968992248,2.6549519379844964,2.352365503875969,2.5183,22809,0.9760852713178294
1750,2024-04-03,2.3620532110091745,2.4498981651376144,2.118039449541284,2.1278,20893,0.9760550458715597
1751,2024-04-04,2.2693928571428574,2.2693928571428574,2.1181,2.1181,2785,0.9760829493087558
1752,2024-04-05,2.162001826484018,2.201532785388128,2.1376,2.1376,2163,0.9760730593607306
1753,2024-04-08,2.1669041474654382,2.1669041474654382,2.1181,2.1181,1046,0.9760829493087558
1754,2024-04-09,2.1473459715639813,2.1619869668246445,2.0595,2.0595,2339,0.9760663507109005
1755,2024-04-10,2.0302628571428576,2.2206,2.0302628571428576,2.2206,5029,0.9760879120879122
1756,2024-04-11,2.225542600896861,2.225542600896861,2.09752466367713,2.196,1947,0.9847533632286997
1757,2024-04-12,2.205839002785261,2.205839002785261,2.136906533948221,2.1567,3704,0.9847495548148485
1758,2024-04-15,1.9892,2.214314415841584,1.9695049504950495,1.9892,9490,0.9847524752475247
1759,2024-04-16,1.9694472361809046,2.1368502512562815,1.9596,1.9596,5933,0.9847236180904523
1760,2024-04-17,2.0876591836734693,2.107354081632653,1.9301,1.9301,9386,0.9847448979591836
1761,2024-04-18,1.9792830769230767,2.0383661538461535,1.8709641025641024,1.9202,3485,0.9847179487179487
1762,2024-04-19,1.989184693877551,2.0088795918367346,1.9121776428571426,1.9301,4364,0.9847448979591836
1763,2024-04-22,1.8857864795918367,2.048269387755102,1.8816505510204082,1.9301,10629,0.9847448979591836
1764,2024-04-23,1.9300895833333336,1.9300895833333336,1.8907,1.8907,1676,0.9847395833333334
1765,2024-04-24,1.8512586387434553,1.8808,1.8512586387434553,1.8808,3068,0.9847120418848168
1766,2024-04-25,1.900542105263158,1.9006405789473686,1.8414578947368423,1.871,4402,0.9847368421052632
1767,2024-04-26,1.8414715036481453,1.9559972447573855,1.8312301648043265,1.93,4732,0.9847441195979386
1768,2024-04-29,1.9641602360948633,1.9985276241625014,1.8519,1.8519,1595,0.9847389131128363
1769,2024-04-30,1.8519,1.8519,1.8519,1.8519,847,0.9847389131128363
1770,2024-05-01,1.920229799457418,1.9793137932868767,1.8217564764083198,1.8512,11726,0.9847332304909836
1771,2024-05-02,1.8378091436170214,1.8709946808510638,1.8378091436170214,1.8513,1257,0.9847340425531915
1772,2024-05-03,1.9497734042553192,1.9497734042553192,1.8414526595744682,1.8513,1748,0.9847340425531915
1773,2024-05-06,1.8414850828729281,1.8710276243093922,1.7824,1.7824,3919,0.9847513812154696
1774,2024-05-07,1.8660366477272727,1.8660366477272727,1.7331,1.7331,17925,0.9847159090909091
1775,2024-05-08,1.7331672131147542,1.8774336885245904,1.7331672131147542,1.8021,4315,0.9847540983606557
1776,2024-05-09,1.7528076758147513,1.9595995926243568,1.7527092034734135,1.8371,6863,0.9847234133790738
1777,2024-05-10,1.9202039211280264,1.9202039211280264,1.7528015280040448,1.7529,6465,0.9847199595528341
1778,2024-05-13,1.7331313609467454,1.8709940828402365,1.6642,1.6642,14809,0.9847337278106508
1779,2024-05-14,1.6444588235294118,1.777394117647059,1.6444588235294118,1.7577,2591,0.9847058823529412
1780,2024-05-15,1.7577178977272727,1.7577178977272727,1.7331,1.7331,2244,0.9847159090909091
1781,2024-05-16,1.7035947368421052,1.723191,1.6642052631578947,1.6839,5157,0.9847368421052631
1782,2024-05-17,1.654357894736842,1.7134421052631579,1.654357894736842,1.6839,2779,0.9847368421052631
1783,2024-05-20,1.703628048780488,1.8144131097560978,1.5953048780487809,1.615,8351,0.9847560975609757
1784,2024-05-21,1.5853873563218392,1.7231486551724138,1.5853873563218392,1.7134,15627,0.9847126436781609
1785,2024-05-22,1.742929411764706,1.7527764705882354,1.6444588235294118,1.674,5707,0.9847058823529412
1786,2024-05-23,1.6839428571428572,1.6839428571428572,1.6544,1.6544,849,0.9847619047619048
1787,2024-05-24,1.6543418181818181,1.6543418181818181,1.6248,1.6248,1044,0.9847272727272728
1788,2024-05-28,1.693725153374233,1.693725153374233,1.5952527607361964,1.6051,4637,0.9847239263803681
1789,2024-05-29,1.615,1.6150984756097562,1.6051524390243903,1.615,3163,0.9847560975609757
1790,2024-05-30,1.6911266927710844,1.6936870662650603,1.615103295180723,1.6347,3942,0.9847590361445784
1791,2024-05-31,1.624805389221557,1.7035838323353294,1.624805389221557,1.6445,4818,0.9847305389221558
1792,2024-06-03,1.6444701149425287,1.7330942528735631,1.634622988505747,1.7134,5159,0.9847126436781609
1793,2024-06-04,1.6149863120844739,1.762698474775127,1.6149863120844739,1.7626,10607,0.9847477512710207
1794,2024-06-05,1.7627800165289258,1.8020710743801656,1.7527356859504135,1.7873,8767,0.9847382920110194
1795,2024-06-06,1.792149038674033,1.792149038674033,1.7298142762430937,1.7824,1313,0.9847513812154696
1796,2024-06-07,1.7480733483146065,1.7921887640449436,1.7332040898876402,1.7528,1359,0.9847191011235954
1797,2024-06-10,1.8021,1.8021,1.8021,1.8021,583,0.9847540983606557
1798,2024-06-11,1.7922137404580152,1.806,1.7726175572519083,1.806,1531,0.9847328244274809
1799,2024-06-12,1.7479,1.7479,1.7479,1.7479,315,0.9847323943661972
1800,2024-06-13,1.8414578947368423,1.8759236842105265,1.8414578947368423,1.871,1322,0.9847368421052632
1801,2024-06-14,1.8666013934426229,1.895356213114754,1.7529607704918033,1.8021,11105,0.9847540983606557
1802,2024-06-17,1.9596263157894738,1.9596263157894738,1.7823736842105264,1.871,6684,0.9847368421052632
1803,2024-06-18,1.782380787237732,1.8809533379573433,1.6740593029304665,1.7037,6460,0.9847407664296861
1804,2024-06-20,1.713389483016568,1.7964002493489222,1.713389483016568,1.7771,5219,0.9847065994348091
1805,2024-06-21,1.7134807228915663,1.7134807228915663,1.6248524096385542,1.6347,3645,0.9847590361445784
1806,2024-06-24,1.6347,1.6347,1.6347,1.6347,264,0.9847590361445784
1807,2024-06-25,1.6248524096385542,1.6347,1.6248524096385542,1.6347,919,0.9847590361445784
1808,2024-06-26,1.688861746987952,1.7036331325301206,1.6347,1.6347,4103,0.9847590361445784
1809,2024-06-27,1.634617441860465,1.6937,1.634617441860465,1.6937,1740,0.9847093023255814
1810,2024-06-28,1.6740473372781064,1.7134366863905324,1.596253372781065,1.6642,6043,0.9847337278106508
1811,2024-07-01,1.5657653453063154,1.6669,1.5657653453063154,1.6669,841,0.9847580788090033
1812,2024-07-02,1.6149848101265822,1.6149848101265822,1.5559,1.5559,3134,0.984746835443038
1813,2024-07-03,1.5658,1.5658,1.5658,1.5658,793,0.9847179422677819
1814,2024-07-05,1.5559,1.6149848101265822,1.5559,1.5559,3493,0.984746835443038
1815,2024-07-08,1.5853825806451614,1.6063568967741935,1.5263,1.5263,3278,0.9847096774193548
1816,2024-07-09,1.4968102564102563,1.605132051282051,1.4968102564102563,1.5362,5957,0.9847435897435897
1817,2024-07-10,1.5411237179487178,1.5952846153846154,1.526352564102564,1.5362,2983,0.9847435897435897
1818,2024-07-11,1.5559,1.5559,1.5559,1.5559,347,0.984746835443038
1819,2024-07-12,1.6740419161676647,1.6740419161676647,1.6198817365269462,1.6445,3726,0.9847305389221558
1820,2024-07-15,1.6543304347826084,1.6543304347826084,1.575552795031056,1.5854,3665,0.9847204968944099
1821,2024-07-16,1.6002334337349398,1.6740903614457832,1.5854620481927713,1.6347,2556,0.9847590361445784
1822,2024-07-17,1.6383066842105263,1.6937473684210527,1.6104386315789474,1.6839,7234,0.9847368421052631
1823,2024-07-18,1.6937389040123092,1.7429755000591787,1.5952657119185703,1.664,8745,0.984731920937389
1824,2024-07-19,1.575656754601227,1.664183435582822,1.575656754601227,1.6051,1220,0.9847239263803681
1825,2024-07-22,1.6051,1.6149472392638036,1.5558638036809818,1.6051,15277,0.9847239263803681
1826,2024-07-23,1.6051424999999997,1.6051424999999997,1.5756,1.5756,1409,0.9847499999999999
1827,2024-07-24,1.5952240131996447,1.6149181368193932,1.5362401129584973,1.5517,4500,0.9847061809874349
1828,2024-07-25,1.595295,1.595295,1.5362099999999999,1.5756,4021,0.9847499999999999
1829,2024-07-26,1.580463676563487,1.6050814908401767,1.4869159823120657,1.5588,12145,0.9847125710675931
1830,2024-07-29,1.5065940397350996,1.5755231788079473,1.4770529801324506,1.4869,15817,0.984701986754967
1831,2024-07-30,1.5066473684210526,1.5952736842105264,1.4968,1.4968,1668,0.9847368421052631
1832,2024-07-31,1.4967067207792208,1.5319604220779222,1.4963128246753248,1.5165,4878,0.9847402597402597
1833,2024-08-01,1.5065944455387041,1.516441468058565,1.492808614010899,1.4998,1655,0.9847022519860811
1834,2024-08-02,1.4770588235294118,1.5066,1.4770588235294118,1.5066,1741,0.9847058823529411
1835,2024-08-05,1.5372,1.5372,1.5372,1.5372,361,0.9847533632286996
1836,2024-08-06,1.467359360610446,1.5480094724378373,1.467359360610446,1.497,12854,0.9847388501512959
1837,2024-08-07,1.546,1.546,1.546,1.546,409,0.9847133757961783
1838,2024-08-08,1.506745842105263,1.5755789473684212,1.4870511052631579,1.4968,2592,0.9847368421052631
1839,2024-08-09,1.4869,1.4869,1.4869,1.4869,272,0.984701986754967
1840,2024-08-12,1.5374641533333333,1.5632641666666667,1.4771,1.4771,1939,0.9847333333333333
1841,2024-08-13,1.4987641333333335,1.5558786666666669,1.4771,1.4771,2394,0.9847333333333333
1842,2024-08-14,1.5559049999999999,1.595295,1.477223475,1.5756,7715,0.9847499999999999
1843,2024-08-15,1.5223611612903225,1.5263,1.521967277419355,1.5263,1571,0.9847096774193548
1844,2024-08-16,1.5171421999999999,1.5455018387096773,1.4869116129032258,1.5263,9502,0.9847096774193548
1845,2024-08-19,1.4869116129032258,1.5263,1.4770645161290321,1.5263,6063,0.9847096774193548
1846,2024-08-20,1.5705996688741723,1.5755231788079473,1.4869,1.4869,12371,0.984701986754967
1847,2024-08-21,1.5262941176470588,1.5755294117647058,1.4968514117647058,1.5066,3488,0.9847058823529411
1848,2024-08-22,1.5361470967741935,1.5361470967741935,1.5067042774193549,1.5263,927,0.9847096774193548
1849,2024-08-23,1.5066525974025973,1.5263474025974026,1.5066525974025973,1.5165,4076,0.9847402597402597
1850,2024-08-26,1.5854475,1.5854475,1.5166134749999998,1.5756,1410,0.9847499999999999
1851,2024-08-27,1.5066674999999998,1.5854475,1.5066674999999998,1.5756,10164,0.9847499999999999
1852,2024-08-28,1.526352564102564,1.5951861410256407,1.526352564102564,1.5362,808,0.9847435897435897
1853,2024-08-29,1.5648560384615382,1.5648560384615382,1.5362,1.5362,1053,0.9847435897435897
1854,2024-08-30,1.5706762499999998,1.5756,1.5706762499999998,1.5756,945,0.9847499999999999
1855,2024-09-03,1.536219512195122,1.615,1.536219512195122,1.615,522,0.9847560975609757
1856,2024-09-04,1.6248425925925924,1.6248425925925924,1.5559098765432098,1.5953,7273,0.984753086419753
1857,2024-09-05,1.5864514285714286,1.6642476190476192,1.5854666666666668,1.6544,3422,0.9847619047619048
1858,2024-09-06,1.6445,1.6641946107784433,1.5952634730538924,1.6445,3679,0.9847305389221558
1859,2024-09-09,1.634617441860465,1.6937,1.595229069767442,1.6937,1920,0.9847093023255814
1860,2024-09-10,1.703547093023256,1.703547093023256,1.6887764534883722,1.6937,2172,0.9847093023255814
1861,2024-09-11,1.68263012,1.7233,1.6251211371428573,1.7233,12928,0.9847428571428571
1862,2024-09-12,1.7329957816091954,1.7329957816091954,1.6740114942528734,1.7134,815,0.9847126436781609
1863,2024-09-13,1.6740966032281377,1.7430299927728259,1.6347060949168875,1.6351,5531,0.9847627077812575
1864,2024-09-16,1.6543526627218934,1.6642,1.6346579881656802,1.6642,2611,0.9847337278106508
1865,2024-09-17,1.6445376543209875,1.7134703703703702,1.5756049382716049,1.5953,5933,0.984753086419753
1866,2024-09-18,1.6100003225806452,1.6100003225806452,1.5263,1.5263,3571,0.9847096774193548
1867,2024-09-19,1.61,1.61,1.61,1.61,1127,0.9847094801223242
1868,2024-09-20,1.565760839160839,1.6248461538461536,1.4082,1.4082,16571,0.9847552447552447
1869,2024-09-23,1.4081879746835442,1.5755949367088609,1.4081879746835442,1.5559,8395,0.984746835443038
1870,2024-09-24,1.536158490566038,1.6542260566037736,1.5287731132075473,1.5657,2811,0.9847169811320755
1871,2024-09-25,1.6445217948717947,1.7528435897435897,1.5362,1.5362,5551,0.9847435897435897
1872,2024-09-26,1.6247888198757763,1.7217837888198757,1.5558583850931678,1.5854,13545,0.9847204968944099
1873,2024-09-27,1.6002380952380955,1.6937904761904763,1.5743388571428574,1.6544,11310,0.9847619047619048
1874,2024-09-30,1.7527764705882354,1.7626235294117647,1.6346117647058824,1.674,11131,0.9847058823529412
1875,2024-10-01,1.595312816239062,1.7036365259836896,1.5869423477587952,1.6543,10681,0.9847609976784333
1876,2024-10-02,1.6543418181818181,1.6543418181818181,1.5854109090909092,1.6248,1183,0.9847272727272728
1877,2024-10-03,1.6642427710843375,1.6642427710843375,1.5756144578313256,1.6347,4674,0.9847590361445784
1878,2024-10-04,1.6002,1.6248184615384615,1.6002,1.6002,4891,0.9847384615384616
1879,2024-10-07,1.6346360248447203,1.6346360248447203,1.582051950310559,1.5854,6430,0.9847204968944099
1880,2024-10-08,1.6346235649546825,1.6346235649546825,1.6297,1.6297,2236,0.9847129909365558
1881,2024-10-09,1.6347,1.6347,1.6248524096385542,1.6347,1204,0.9847590361445784
1882,2024-10-10,1.6347,1.6347,1.6248524096385542,1.6347,1122,0.9847590361445784
1883,2024-10-11,1.644505325443787,1.6642,1.644505325443787,1.6642,1205,0.9847337278106508
1884,2024-10-14,1.6936892621475703,1.6936892621475703,1.6415,1.6415,650,0.9847030593881223
1885,2024-10-15,1.6642,1.7033924023668638,1.6625259526627216,1.6642,2790,0.9847337278106508
1886,2024-10-16,1.6937473684210527,1.6937473684210527,1.4869526315789474,1.4968,33758,0.9847368421052631
1887,2024-10-17,1.5706346625766872,1.6247944785276072,1.5273068098159508,1.6051,3548,0.9847239263803681
1888,2024-10-18,1.634455748502994,1.6543473053892217,1.6247069161676648,1.6445,3371,0.9847305389221558
1889,2024-10-21,1.6589324842637803,1.6739984704982647,1.5952220718865817,1.6739,1368,0.984704982646038
1890,2024-10-22,1.5755739644970415,1.6642,1.5755739644970415,1.6642,3452,0.9847337278106508
1891,2024-10-23,1.6937904761904763,1.6937904761904763,1.5923600000000002,1.6544,2314,0.9847619047619048
1892,2024-10-24,1.6395422149122807,1.6395422149122807,1.6165,1.6165,461,0.9847100389863548
1893,2024-10-25,1.630216,1.6444945454545454,1.6248,1.6248,1341,0.9847272727272728
1894,2024-10-28,1.63283221025061,1.6543,1.5559223763319248,1.6543,1482,0.9847609976784333
1895,2024-10-29,1.526294117647059,1.6838470588235295,1.526294117647059,1.674,1379,0.9847058823529412
1896,2024-10-30,1.6838707902939916,1.6936195159220095,1.6111,1.6111,2788,0.9847197604058431
1897,2024-10-31,1.536749320754717,1.6347286603773585,1.536749320754717,1.5657,3428,0.9847169811320755
1898,2024-11-01,1.6543361963190184,1.6543361963190184,1.6051,1.6051,1040,0.9847239263803681
1899,2024-11-04,1.5854666666666668,1.6544,1.575619047619048,1.6544,877,0.9847619047619048
1900,2024-11-05,1.5854524691358025,1.654483660493827,1.5804302283950615,1.5953,1813,0.984753086419753
1901,2024-11-06,1.5939306437152592,1.6839376008606777,1.5810303030303028,1.6476,9935,0.984758830912677
1902,2024-11-07,1.609638225669616,1.693734092837232,1.609638225669616,1.625,3727,0.9847291237425767
1903,2024-11-08,1.7824072323327822,1.7824072323327822,1.6346939257858664,1.6666,5372,0.9847553769794376
1904,2024-11-11,1.6838650746268655,1.7232537313432834,1.6494,1.6494,4249,0.9847164179104477
1905,2024-11-12,1.644505325443787,1.6642,1.5860121420118343,1.6642,2756,0.9847337278106508
1906,2024-11-13,1.7331125364431486,1.7331125364431486,1.654334693877551,1.6888,3065,0.9847230320699708
1907,2024-11-14,1.6936941176470588,1.6936941176470588,1.674,1.674,1311,0.9847058823529412
1908,2024-11-15,1.6494236526946109,1.6789655688622758,1.6445,1.6445,4820,0.9847305389221558
1909,2024-11-18,1.575529411764706,1.6838470588235295,1.575529411764706,1.674,2865,0.9847058823529412
1910,2024-11-19,1.595295,1.6346849999999997,1.5263624999999998,1.5756,6316,0.9847499999999999
1911,2024-11-20,1.5558528301886794,1.6247830188679244,1.5164641509433963,1.5657,5646,0.9847169811320755
1912,2024-11-21,1.546016564417178,1.6051,1.506627607361963,1.6051,2652,0.9847239263803681
1913,2024-11-22,1.6149,1.6149,1.6149,1.6149,1589,0.9847551679980487
1914,2024-11-25,1.6543746835443038,1.7331544303797468,1.240781012658228,1.5559,43293,0.984746835443038
1915,2024-11-26,1.5066,1.5755294117647058,1.4387537647058823,1.5066,10335,0.9847058823529411
1916,2024-11-27,1.5657423076923076,1.5974510512820512,1.4721916666666666,1.5362,7699,0.9847435897435897
1917,2024-11-29,1.5164947368421053,1.5221077368421052,1.4968,1.4968,1896,0.9847368421052631
1918,2024-12-02,1.5361894736842105,1.5361894736842105,1.4771052631578947,1.4968,5944,0.9847368421052631
1919,2024-12-03,1.4574,1.4967891891891891,1.4574,1.4574,1988,0.9847297297297297
1920,2024-12-04,1.4771,1.4771,1.4771,1.4771,581,0.9847333333333333
1921,2024-12-05,1.4869363013698629,1.4869363013698629,1.4278527397260272,1.4377,7614,0.9847260273972602
1922,2024-12-06,1.4968118939883648,1.526354234001293,1.4426509372979963,1.5234,4261,0.9847446670976083
1923,2024-12-09,1.4947835294117646,1.5164470588235293,1.4632729411764704,1.5066,2220,0.9847058823529411
1924,2024-12-10,1.5263,1.5263,1.4672174193548386,1.5263,4760,0.9847096774193548
1925,2024-12-11,1.4820182432432432,1.5066364864864865,1.4574,1.4574,1918,0.9847297297297297
1926,2024-12-12,1.5262941176470588,1.5262941176470588,1.4672117647058822,1.5066,4410,0.9847058823529411
1927,2024-12-13,1.4771,1.4771,1.4771,1.4771,1429,0.9847333333333333
1928,2024-12-16,1.5263366666666667,1.5263366666666667,1.4771,1.4771,616,0.9847333333333333
1929,2024-12-17,1.437676129032258,1.5263,1.4278290322580645,1.5263,9089,0.9847096774193548
1930,2024-12-18,1.5066806896551723,1.5066806896551723,1.4279,1.4279,4801,0.9847586206896551
1931,2024-12-19,1.4815826092715232,1.4968454900662254,1.4770529801324506,1.4869,2165,0.984701986754967
1932,2024-12-20,1.486941891891892,1.526331081081081,1.4377054054054053,1.4574,6522,0.9847297297297297
1933,2024-12-23,1.4484966225165565,1.4869,1.4484966225165565,1.4869,2107,0.984701986754967
1934,2024-12-24,1.4623,1.477070707070707,1.4476277643097641,1.4623,1410,0.9847138047138047
1935,2024-12-26,1.4376615220151,1.5088553083450258,1.4376615220151,1.4738,1492,0.9846996726130821
1936,2024-12-27,1.4616,1.4616,1.4616,1.4616,276,0.9847065957016776
1937,2024-12-30,1.462293870967742,1.5263,1.4475232258064514,1.5263,11713,0.9847096774193548
1938,2024-12-31,1.4284642207792206,1.5263474025974026,1.4284642207792206,1.5165,4642,0.9847402597402597
1939,2025-01-02,1.5164592592592592,1.5164592592592592,1.4475292929292929,1.4623,1323,0.9847138047138047
1940,2025-01-03,1.4771,1.4771,1.4377106666666666,1.4771,3157,0.9847333333333333
1941,2025-01-06,1.457394520547945,1.5263253424657535,1.4377,1.4377,16843,0.9847260273972602
1942,2025-01-07,1.5168832266666668,1.5168832266666668,1.4223488266666666,1.4771,11601,0.9847333333333333
1943,2025-01-08,1.4475631578947368,1.5066473684210526,1.442737947368421,1.4968,1621,0.9847368421052631
1944,2025-01-10,1.4849484175084173,1.486917845117845,1.4623,1.4623,4026,0.9847138047138047
1945,2025-01-13,1.3982823529411763,1.5066,1.3982823529411763,1.5066,5935,0.9847058823529411
1946,2025-01-14,1.4584003246753248,1.5165,1.4574155844155843,1.5165,2071,0.9847402597402597
1947,2025-01-15,1.4574105263157895,1.5164947368421053,1.4574105263157895,1.4968,6504,0.9847368421052631
1948,2025-01-16,1.4771350595753179,1.5263728948944952,1.4771350595753179,1.4794,2824,0.9847567063835453
1949,2025-01-17,1.5263719512195122,1.5263719512195122,1.4535,1.4535,1217,0.9847560975609756
1950,2025-01-21,1.4573820598006646,1.482,1.4573820598006646,1.482,1841,0.984717607973422
1951,2025-01-22,1.4819764900662253,1.5230385629139074,1.462282450331126,1.4869,8993,0.984701986754967
1952,2025-01-23,1.4574336633663367,1.4919,1.4574336633663367,1.4919,1560,0.9847524752475248
1953,2025-01-24,1.4919,1.4919,1.4919,1.4919,547,0.9847524752475248
1954,2025-01-27,1.4180072727272728,1.6248,1.4180072727272728,1.6248,33465,0.9847272727272728
1955,2025-01-28,1.5706058823529412,1.674,1.5164470588235295,1.674,9296,0.9847058823529412
1956,2025-01-29,1.6641544615022645,1.6986191988706547,1.4967543085700843,1.6741,4691,0.9847067819540027
1957,2025-01-30,1.7227489244186047,1.7232412790697675,1.5853819767441861,1.6937,3578,0.9847093023255814
1958,2025-01-31,1.6864549822485204,1.742880224852071,1.5755739644970415,1.6642,2318,0.9847337278106508
1959,2025-02-03,1.634641717791411,1.6838779141104294,1.5775277300613497,1.6051,3841,0.9847239263803681
1960,2025-02-04,1.6808929411764708,1.691724705882353,1.6149176470588236,1.674,9121,0.9847058823529412
1961,2025-02-05,1.6445,1.6445,1.5972329341317368,1.6445,2815,0.9847305389221558
1962,2025-02-06,1.6346557472945304,1.683892366188944,1.5759656975723897,1.6834,4473,0.9847323778882714
1963,2025-02-07,1.6838721759809752,1.6838721759809752,1.5861878953626638,1.6563,3374,0.9847205707491083
1964,2025-02-10,1.6937576285963383,1.6937576285963383,1.5535302528334787,1.5813,18146,0.9847428073234525
1965,2025-02-11,1.6332574161490683,1.6332574161490683,1.5854,1.5854,4950,0.9847204968944099
1966,2025-02-12,1.5853943396226418,1.5853943396226418,1.5460056603773586,1.5657,1574,0.9847169811320755
1967,2025-02-13,1.664182832201746,1.6740300678952476,1.6244,1.6244,872,0.9847235693501456
1968,2025-02-14,1.5903712499999998,1.5903712499999998,1.5726457499999997,1.5756,638,0.9847499999999999
1969,2025-02-18,1.5785542499999998,1.6149899999999997,1.5756,1.5756,1558,0.9847499999999999
1970,2025-02-19,1.5460342679127728,1.5893626168224302,1.5460342679127728,1.5805,3894,0.9847352024922119
1971,2025-02-20,1.6337934746835443,1.6337934746835443,1.5559,1.5559,1506,0.984746835443038
1972,2025-02-21,1.546,1.6149299363057323,1.546,1.546,1311,0.9847133757961783
1973,2025-02-24,1.546,1.546,1.546,1.546,468,0.9847133757961783
1974,2025-02-25,1.5558528301886794,1.6100122641509436,1.5460056603773586,1.5657,4456,0.9847169811320755
1975,2025-02-26,1.5460574999999999,1.6149899999999997,1.5460574999999999,1.5756,3037,0.9847499999999999
1976,2025-02-27,1.5460368421052633,1.5461353157894737,1.4968,1.4968,2267,0.9847368421052631
1977,2025-02-28,1.5165,1.5165,1.5165,1.5165,827,0.9847402597402597
1978,2025-03-03,1.3786216216216216,1.4770945945945946,1.3786216216216216,1.4574,2439,0.9847297297297297
1979,2025-03-04,1.4279,1.4573442827586207,1.4279,1.4279,7004,0.9847586206896551
1980,2025-03-05,1.4554305405405406,1.4574,1.4554305405405406,1.4574,925,0.9847297297297297
1981,2025-03-06,1.3786216216216216,1.490388445945946,1.3786216216216216,1.4574,1455,0.9847297297297297
1982,2025-03-07,1.408195035460993,1.4377375886524824,1.3885,1.3885,5233,0.9847517730496455
1983,2025-03-10,1.3294038461538462,1.5749004230769228,1.3294038461538462,1.5362,3596,0.9847435897435897
1984,2025-03-11,1.5116044827586206,1.5116044827586206,1.3983572413793102,1.4279,3660,0.9847586206896551
1985,2025-03-12,1.4279,1.4341039793103447,1.3786620689655171,1.4279,4524,0.9847586206896551
1986,2025-03-13,1.4278357142857143,1.4278357142857143,1.3786,1.3786,1922,0.9847142857142858
1987,2025-03-14,1.4180475524475522,1.4180475524475522,1.3934286713286712,1.4082,2517,0.9847552447552447
1988,2025-03-17,1.3786164383561643,1.4967835616438356,1.3786164383561643,1.4377,8957,0.9847260273972602
1989,2025-03-18,1.4081471830985917,1.4081471830985917,1.3983,1.3983,4666,0.9847183098591551
1990,2025-03-19,1.3786,1.3982942857142857,1.3786,1.3786,7896,0.9847142857142858
1991,2025-03-20,1.329375,1.5263194444444443,1.2999318055555555,1.418,16732,0.9847222222222222
1992,2025-03-21,1.3983372262773721,1.4278795620437954,1.2900153284671532,1.3491,17375,0.9847445255474452
1993,2025-03-24,1.3491,1.3491,1.3491,1.3491,412,0.9847445255474452
1994,2025-03-25,1.280134831460674,1.7528,1.2286340224719101,1.7528,44891,0.9847191011235954
1995,2025-03-26,1.7036,1.8217687861271676,1.6714974797687863,1.7036,20282,0.9847398843930636
1996,2025-03-27,1.7134525714285713,1.7626897142857143,1.7134525714285713,1.7233,8221,0.9847428571428571
1997,2025-03-28,1.7183177325581396,1.7183177325581396,1.6937,1.6937,1017,0.9847093023255814
1998,2025-03-31,1.6235830588235296,1.7527764705882354,1.593943411764706,1.674,21177,0.9847058823529412
1999,2025-04-01,1.6248269230769228,1.811928205128205,1.5362,1.5362,12701,0.9847435897435897
2000,2025-04-02,1.5657474683544306,1.7922392405063292,1.4574253164556963,1.5559,38572,0.984746835443038
2001,2025-04-03,1.5558528301886794,1.69371320754717,1.4573811320754717,1.5657,24654,0.9847169811320755
2002,2025-04-04,1.4770945945945946,1.6051094594594593,1.4574,1.4574,4859,0.9847297297297297
2003,2025-04-07,1.4574253164556963,1.5559,1.4574253164556963,1.5559,2866,0.984746835443038
2004,2025-04-08,1.4770992366412212,1.5361832061068703,1.29,1.29,11521,0.9847328244274809
2005,2025-04-09,1.41,1.41,1.345,1.3501,3905,1.0
2006,2025-04-10,1.365,1.39,1.31,1.35,9675,1.0
2007,2025-04-11,1.32,1.33,1.2946,1.32,9534,1.0
2008,2025-04-14,1.3,1.425,1.26,1.3774,155004,1.0
2009,2025-04-15,1.5195,1.5195,1.3596,1.42,41983,1.0
2010,2025-04-16,1.42,1.43,1.3001,1.3878,2971,1.0
2011,2025-04-17,1.3292,1.41,1.31,1.388,4180,1.0
2012,2025-04-21,1.43,1.43,1.33,1.33,1756,1.0
2013,2025-04-22,1.43,1.5234,1.43,1.5234,2433,1.0
2014,2025-04-23,1.3776,1.56,1.3776,1.54,5768,1.0
2015,2025-04-24,1.54,1.5599,1.4134,1.53,8350,1.0
2016,2025-04-25,1.5,1.5199,1.5,1.5199,5875,1.0
2017,2025-04-28,1.43,1.54,1.43,1.51,2612,1.0
2018,2025-04-29,1.5,1.55,1.4201,1.55,10569,1.0
2019,2025-04-30,1.53,1.54,1.5,1.5,1273,1.0
2020,2025-05-01,1.435,1.6,1.435,1.53,34807,1.0
2021,2025-05-02,1.522,1.59,1.48,1.561,4950,1.0
2022,2025-05-05,1.5715,1.5715,1.5715,1.5715,851,1.0
2023,2025-05-06,1.58,1.68,1.5205,1.63,6884,1.0
2024,2025-05-07,1.6,1.77,1.565,1.69,68244,1.0
2025,2025-05-08,1.73,1.85,1.6501,1.8,25327,1.0
2026,2025-05-09,1.85,1.8641,1.78,1.81,9333,1.0
2027,2025-05-12,1.85,1.85,1.72,1.72,14324,1.0
2028,2025-05-13,1.72,1.92,1.6017,1.7401,25890,1.0
2029,2025-05-14,1.75,1.75,1.66,1.7,12199,1.0
2030,2025-05-15,1.66,1.78,1.66,1.78,7969,1.0
2031,2025-05-16,1.78,1.78,1.72,1.72,5235,1.0
2032,2025-05-19,1.74,1.74,1.71,1.72,1385,1.0
2033,2025-05-20,1.69,1.76,1.66,1.71,9358,1.0
2034,2025-05-21,1.744,1.76,1.71,1.71,2138,1.0
2035,2025-05-22,1.76,1.76,1.7,1.7,3364,1.0
2036,2025-05-23,1.725,1.74,1.67,1.72,7109,1.0
2037,2025-05-27,1.6625,1.7,1.6625,1.7,7139,1.0
2038,2025-05-28,1.66,1.7,1.654,1.67,3177,1.0
2039,2025-05-29,1.67,1.67,1.6415,1.66,2334,1.0
2040,2025-05-30,1.66,1.69,1.66,1.69,2166,1.0
2041,2025-06-02,1.65,1.7499,1.65,1.74,6373,1.0
2042,2025-06-03,1.725,1.725,1.685,1.71,3265,1.0
2043,2025-06-04,1.705,1.74,1.65,1.74,2833,1.0
2044,2025-06-05,1.66,1.7589,1.65,1.73,6914,1.0
2045,2025-06-06,1.74,1.74,1.68,1.72,2184,1.0
2046,2025-06-09,1.67,1.76,1.67,1.76,4722,1.0
2047,2025-06-10,1.76,1.82,1.6701,1.74,7614,1.0
2048,2025-06-11,1.8,1.85,1.76,1.81,8732,1.0
2049,2025-06-12,1.82,1.855,1.7323,1.84,4575,1.0
2050,2025-06-13,1.795,1.84,1.7533,1.83,7515,1.0
2051,2025-06-16,1.83,1.85,1.78,1.85,7169,1.0
2052,2025-06-17,1.85,1.85,1.78,1.84,2332,1.0
2053,2025-06-18,1.83,1.885,1.7901,1.87,5135,1.0
2054,2025-06-20,1.92,1.9699,1.88,1.92,12820,1.0
2055,2025-06-23,1.9,2.1499,1.9,2.075,26667,1.0
2056,2025-06-24,2.19,2.22,1.95,2.11,23813,1.0
2057,2025-06-25,2.1186,2.1938,2.0209,2.07,7576,1.0
2058,2025-06-26,1.97,2.1788,1.92,2.03,7691,1.0
2059,2025-06-27,2.03,2.05,2.0,2.04,7400,1.0
2060,2025-06-30,1.94,2.13,1.94,2.13,11500,1.0
2061,2025-07-01,2.19,2.4,2.16,2.37,113000,1.0
2062,2025-07-02,2.5,2.61,2.25,2.36,148500,1.0
2063,2025-07-03,2.39,2.4581,2.3291,2.34,31472,1.0
2064,2025-07-07,2.3,2.32,2.27,2.27,37762,1.0
2065,2025-07-08,2.33,2.33,2.14,2.2,33341,1.0
2066,2025-07-09,2.24,2.33,2.14,2.21,30482,1.0
2067,2025-07-10,2.18,2.183,2.01,2.045,15496,1.0
2068,2025-07-11,2.04,2.05,2.0,2.0,10781,1.0
2069,2025-07-14,2.0,2.05,2.0,2.0,9156,1.0
2070,2025-07-15,2.0,2.02,1.93,1.95,6552,1.0
2071,2025-07-16,1.94,1.97,1.9055,1.91,11916,1.0
2072,2025-07-17,1.91,2.35,1.91,2.23,32003,1.0
2073,2025-07-18,2.2061,2.26,2.16,2.175,6418,1.0
