
> seasonals@0.1.0 build
> PUBLIC_URL=/app/ react-scripts build

Creating an optimized production build...
Browserslist: caniuse-lite is outdated. Please run:
  npx update-browserslist-db@latest
  Why you should do it regularly: https://github.com/browserslist/update-db#readme
Browserslist: caniuse-lite is outdated. Please run:
  npx update-browserslist-db@latest
  Why you should do it regularly: https://github.com/browserslist/update-db#readme
Browserslist: caniuse-lite is outdated. Please run:
  npx update-browserslist-db@latest
  Why you should do it regularly: https://github.com/browserslist/update-db#readme
Compiled with warnings.

[eslint]
src/components/AddGC.js
  Line 21:38:   'globalTextSize' is assigned a value but never used  no-unused-vars
  Line 21:54:   'loggedinUser' is assigned a value but never used    no-unused-vars
  Line 236:90:  Duplicate key 'display'                              no-dupe-keys

src/components/App.js
  Line 1:1:      Unexpected Unicode BOM (Byte Order Mark)                                                                                                                                 unicode-bom
  Line 20:10:    'getOnboardingDay' is defined but never used                                                                                                                             no-unused-vars
  Line 40:24:    'lsRemove' is defined but never used                                                                                                                                     no-unused-vars
  Line 58:51:    'initialTaraPanelOpen' is defined but never used                                                                                                                         no-unused-vars
  Line 255:10:   'allowedSymbols' is assigned a value but never used                                                                                                                      no-unused-vars
  Line 255:26:   'SetAllowedSymbols' is assigned a value but never used                                                                                                                   no-unused-vars
  Line 1496:26:  Expected '===' and instead saw '=='                                                                                                                                      eqeqeq
  Line 2209:6:   React Hook useLayoutEffect has a missing dependency: 'resizeWindow'. Either include it or remove the dependency array                                                    react-hooks/exhaustive-deps
  Line 2318:6:   React Hook useEffect has a missing dependency: 'buildLoginRequest'. Either include it or remove the dependency array                                                     react-hooks/exhaustive-deps
  Line 2615:6:   React Hook useEffect has missing dependencies: 'securityTypeList2', 'selectedSecurity', and 'showPEOpps'. Either include them or remove the dependency array             react-hooks/exhaustive-deps
  Line 2701:6:   React Hook useEffect has a missing dependency: 'scheduleTaraTip'. Either include it or remove the dependency array                                                       react-hooks/exhaustive-deps
  Line 2721:6:   React Hook useEffect has missing dependencies: 'TARA_TIPS', 'TARA_TIP_DELAYS', 'scheduleTaraTip', and 'showChatbot'. Either include them or remove the dependency array  react-hooks/exhaustive-deps
  Line 3002:6:   React Hook useEffect has a missing dependency: 'wpUserLevels'. Either include it or remove the dependency array                                                          react-hooks/exhaustive-deps
  Line 3089:36:  Expected '===' and instead saw '=='                                                                                                                                      eqeqeq
  Line 3094:17:  'timeout' is assigned a value but never used                                                                                                                             no-unused-vars
  Line 3209:6:   React Hook useEffect has missing dependencies: 'resourceObj' and 'showPEOpps'. Either include them or remove the dependency array                                        react-hooks/exhaustive-deps
  Line 3209:14:  React Hook useEffect has a complex expression in the dependency array. Extract it to a separate variable so it can be statically checked                                 react-hooks/exhaustive-deps
  Line 3261:6:   React Hook useEffect has a missing dependency: 'resourceObj'. Either include it or remove the dependency array                                                           react-hooks/exhaustive-deps
  Line 3261:80:  React Hook useEffect has a complex expression in the dependency array. Extract it to a separate variable so it can be statically checked                                 react-hooks/exhaustive-deps
  Line 3311:6:   React Hook useEffect has a missing dependency: 'resourceObj'. Either include it or remove the dependency array                                                           react-hooks/exhaustive-deps
  Line 3311:14:  React Hook useEffect has a complex expression in the dependency array. Extract it to a separate variable so it can be statically checked                                 react-hooks/exhaustive-deps
  Line 3344:6:   React Hook useEffect has missing dependencies: 'securityTypeList' and 'selectedSecurity'. Either include them or remove the dependency array                             react-hooks/exhaustive-deps

src/components/AutoTrade.js
  Line 13:8:    'SelectBox' is defined but never used                                                                                                    no-unused-vars
  Line 14:8:    'TextBox' is defined but never used                                                                                                      no-unused-vars
  Line 15:10:   'BsPlus' is defined but never used                                                                                                       no-unused-vars
  Line 15:18:   'BsFolderSymlink' is defined but never used                                                                                              no-unused-vars
  Line 15:35:   'BsTrash3' is defined but never used                                                                                                     no-unused-vars
  Line 15:45:   'BsThermometerLow' is defined but never used                                                                                             no-unused-vars
  Line 15:63:   'BsFileEarmarkPerson' is defined but never used                                                                                          no-unused-vars
  Line 16:10:   'GrEdit' is defined but never used                                                                                                       no-unused-vars
  Line 17:29:   'monthsOptionsListS' is defined but never used                                                                                           no-unused-vars
  Line 21:10:   'BiSolidSquare' is defined but never used                                                                                                no-unused-vars
  Line 21:25:   'BiSquare' is defined but never used                                                                                                     no-unused-vars
  Line 31:11:   'maxCharacters' is assigned a value but never used                                                                                       no-unused-vars
  Line 33:13:   'numReportsAllowed' is assigned a value but never used                                                                                   no-unused-vars
  Line 33:52:   'tableTitleTextSize' is assigned a value but never used                                                                                  no-unused-vars
  Line 33:77:   'resourceObj' is assigned a value but never used                                                                                         no-unused-vars
  Line 33:90:   'globalTextSize' is assigned a value but never used                                                                                      no-unused-vars
  Line 33:106:  'infoTextSize' is assigned a value but never used                                                                                        no-unused-vars
  Line 33:120:  'loggedinUser' is assigned a value but never used                                                                                        no-unused-vars
  Line 35:12:   'text' is assigned a value but never used                                                                                                no-unused-vars
  Line 36:12:   'dashboardDialog_TLHW' is assigned a value but never used                                                                                no-unused-vars
  Line 39:12:   'seasonalYearsOptionsList' is assigned a value but never used                                                                            no-unused-vars
  Line 40:12:   'partialSeasonalYearsOptionsList' is assigned a value but never used                                                                     no-unused-vars
  Line 50:12:   'minMFE' is assigned a value but never used                                                                                              no-unused-vars
  Line 50:20:   'SetMinMFE' is assigned a value but never used                                                                                           no-unused-vars
  Line 51:11:   'minMFEpct' is assigned a value but never used                                                                                           no-unused-vars
  Line 66:12:   'textBoxError1' is assigned a value but never used                                                                                       no-unused-vars
  Line 67:12:   'textBoxError2' is assigned a value but never used                                                                                       no-unused-vars
  Line 68:12:   'textBoxError3' is assigned a value but never used                                                                                       no-unused-vars
  Line 68:27:   'SetTextBoxError3' is assigned a value but never used                                                                                    no-unused-vars
  Line 69:12:   'textBoxError4' is assigned a value but never used                                                                                       no-unused-vars
  Line 70:12:   'textBoxError5' is assigned a value but never used                                                                                       no-unused-vars
  Line 74:12:   'loadedOpps' is assigned a value but never used                                                                                          no-unused-vars
  Line 74:24:   'SetLoadedOpps' is assigned a value but never used                                                                                       no-unused-vars
  Line 75:12:   'oppCount' is assigned a value but never used                                                                                            no-unused-vars
  Line 79:11:   'minMFEfilters' is assigned a value but never used                                                                                       no-unused-vars
  Line 107:9:   'icon_sizeP' is assigned a value but never used                                                                                          no-unused-vars
  Line 108:9:   'icon_sizeE' is assigned a value but never used                                                                                          no-unused-vars
  Line 109:9:   'icon_sizeD' is assigned a value but never used                                                                                          no-unused-vars
  Line 121:9:   'query_width' is assigned a value but never used                                                                                         no-unused-vars
  Line 126:9:   'icon_trash_size' is assigned a value but never used                                                                                     no-unused-vars
  Line 127:9:   'redStarSize' is assigned a value but never used                                                                                         no-unused-vars
  Line 128:9:   'icon_status_size' is assigned a value but never used                                                                                    no-unused-vars
  Line 142:9:   'textbox_width' is assigned a value but never used                                                                                       no-unused-vars
  Line 148:9:   'text_font_size' is assigned a value but never used                                                                                      no-unused-vars
  Line 159:9:   'button_height' is assigned a value but never used                                                                                       no-unused-vars
  Line 161:9:   'cancel_width' is assigned a value but never used                                                                                        no-unused-vars
  Line 162:9:   'populate_width' is assigned a value but never used                                                                                      no-unused-vars
  Line 208:9:   'textboxWidth' is assigned a value but never used                                                                                        no-unused-vars
  Line 210:9:   'buttonTextFont' is assigned a value but never used                                                                                      no-unused-vars
  Line 370:8:   React Hook useEffect has missing dependencies: 'props.securityTypeList' and 'token'. Either include them or remove the dependency array  react-hooks/exhaustive-deps
  Line 375:11:  'handleTextChange' is assigned a value but never used                                                                                    no-unused-vars
  Line 379:11:  'handleBlur' is assigned a value but never used                                                                                          no-unused-vars
  Line 450:11:  'selectboxChanged' is assigned a value but never used                                                                                    no-unused-vars
  Line 486:11:  'portfolioActions' is assigned a value but never used                                                                                    no-unused-vars
  Line 491:13:  'market' is assigned a value but never used                                                                                              no-unused-vars
  Line 574:11:  'handleStatusClicked' is assigned a value but never used                                                                                 no-unused-vars

src/components/Chatbot.js
  Line 1:1:    Unexpected Unicode BOM (Byte Order Mark)  unicode-bom
  Line 3:113:  'setCookie' is defined but never used     no-unused-vars

src/components/CheckBox.js
  Line 10:11:  'tc' is assigned a value but never used  no-unused-vars

src/components/DesktopLayout.js
  Line 1:1:     Unexpected Unicode BOM (Byte Order Mark)                                                                                                                                                                                                                                                                    unicode-bom
  Line 18:8:    'InfoPopupHelp' is defined but never used                                                                                                                                                                                                                                                                   no-unused-vars
  Line 23:8:    'SecuritiesGroupSettings' is defined but never used                                                                                                                                                                                                                                                         no-unused-vars
  Line 28:8:    'TestGIS' is defined but never used                                                                                                                                                                                                                                                                         no-unused-vars
  Line 31:10:   'AiOutlineDollarCircle' is defined but never used                                                                                                                                                                                                                                                           no-unused-vars
  Line 32:10:   'BsFillCircleFill' is defined but never used                                                                                                                                                                                                                                                                no-unused-vars
  Line 37:10:   'incrementDate' is defined but never used                                                                                                                                                                                                                                                                   no-unused-vars
  Line 45:10:   'LiaToggleOffSolid' is defined but never used                                                                                                                                                                                                                                                               no-unused-vars
  Line 45:29:   'LiaToggleOnSolid' is defined but never used                                                                                                                                                                                                                                                                no-unused-vars
  Line 51:10:   'BsPlus' is defined but never used                                                                                                                                                                                                                                                                          no-unused-vars
  Line 96:12:   'initialSlide' is assigned a value but never used                                                                                                                                                                                                                                                           no-unused-vars
  Line 96:26:   'SetInitialSlide' is assigned a value but never used                                                                                                                                                                                                                                                        no-unused-vars
  Line 287:22:  The ref value 'lbTimers.current' will likely have changed by the time this effect cleanup function runs. If this ref points to a node rendered by React, copy 'lbTimers.current' to a variable inside the effect, and use that variable in the cleanup function                                             react-hooks/exhaustive-deps
  Line 393:11:  'handleDollarClicked' is assigned a value but never used                                                                                                                                                                                                                                                    no-unused-vars
  Line 397:11:  'handleAMbutton' is assigned a value but never used                                                                                                                                                                                                                                                         no-unused-vars
  Line 415:11:  'handleTheme' is assigned a value but never used                                                                                                                                                                                                                                                            no-unused-vars
  Line 468:8:   React Hook useEffect has a missing dependency: 'props'. Either include it or remove the dependency array. However, 'props' will change when *any* prop changes, so the preferred fix is to destructure the 'props' object outside of the useEffect call and refer to those specific props inside useEffect  react-hooks/exhaustive-deps
  Line 755:11:  'handle_slide_change' is assigned a value but never used                                                                                                                                                                                                                                                    no-unused-vars
  Line 898:51:  Expected '!==' and instead saw '!='                                                                                                                                                                                                                                                                         eqeqeq

src/components/ExitOrderDialog.js
  Line 1:17:     'useState' is defined but never used  no-unused-vars
  Line 142:136:  Duplicate key 'display'               no-dupe-keys

src/components/ExitOrderDialogCell.js
  Line 1:17:  'useState' is defined but never used                no-unused-vars
  Line 5:8:   'TextBox' is defined but never used                 no-unused-vars
  Line 54:7:  'textbox_width' is assigned a value but never used  no-unused-vars
  Line 79:9:  'handleBlur' is assigned a value but never used     no-unused-vars

src/components/FilteringPopup.js
  Line 21:11:  'accentRed' is assigned a value but never used  no-unused-vars

src/components/GenericLineChart.js
  Line 1:38:   'useEffect' is defined but never used                                                                                  no-unused-vars
  Line 25:12:  'cumulativeBoundingClientRect' is assigned a value but never used                                                      no-unused-vars
  Line 25:42:  'SetCumulativeBoundingClientRect' is assigned a value but never used                                                   no-unused-vars
  Line 40:8:   React Hook useMemo has an unnecessary dependency: 'props.chartData'. Either exclude it or remove the dependency array  react-hooks/exhaustive-deps

src/components/GettingStartedPopup.js
  Line 21:11:  'accentRed' is assigned a value but never used  no-unused-vars

src/components/HelpPanelPopup.js
  Line 72:11:  'mutedText' is assigned a value but never used  no-unused-vars

src/components/InfoPopup.js
  Line 6:10:     'logo64' is defined but never used                                                                                                                                                                                                                                                                          no-unused-vars
  Line 60:30:    Expected '===' and instead saw '=='                                                                                                                                                                                                                                                                         eqeqeq
  Line 194:236:  'logo_width' is assigned a value but never used                                                                                                                                                                                                                                                             no-unused-vars
  Line 284:21:   'dr_id' is assigned a value but never used                                                                                                                                                                                                                                                                  no-unused-vars
  Line 362:44:   Expected '===' and instead saw '=='                                                                                                                                                                                                                                                                         eqeqeq
  Line 365:44:   Expected '===' and instead saw '=='                                                                                                                                                                                                                                                                         eqeqeq
  Line 429:8:    React Hook useEffect has a missing dependency: 'props'. Either include it or remove the dependency array. However, 'props' will change when *any* prop changes, so the preferred fix is to destructure the 'props' object outside of the useEffect call and refer to those specific props inside useEffect  react-hooks/exhaustive-deps
  Line 443:13:   'tmp' is defined but never used                                                                                                                                                                                                                                                                             no-unused-vars

src/components/InfoPopupHelp.js
  Line 92:8:  React Hook useEffect has a missing dependency: 'coordinates'. Either include it or remove the dependency array  react-hooks/exhaustive-deps

src/components/InfoPopupHelpMobileL.js
  Line 66:8:  React Hook useEffect has missing dependencies: 'coordinates' and 'props.swiper'. Either include them or remove the dependency array  react-hooks/exhaustive-deps

src/components/InfoPopupHelpMobileP.js
  Line 79:8:  React Hook useEffect has missing dependencies: 'coordinates' and 'props.swiper.activeIndex'. Either include them or remove the dependency array  react-hooks/exhaustive-deps

src/components/LineChart.js
  Line 201:24:  'SetFBackColor' is assigned a value but never used                                                                          no-unused-vars
  Line 215:13:  'tObjL' is assigned a value but never used                                                                                  no-unused-vars
  Line 255:8:   React Hook useEffect has missing dependencies: 'tmpObjL' and 'tmpObjR'. Either include them or remove the dependency array  react-hooks/exhaustive-deps

src/components/MobileLayoutL.js
  Line 15:8:   'InfoPopupHelp' is defined but never used                                                                                                                                                                                                                             no-unused-vars
  Line 52:12:  'tradeReportData' is assigned a value but never used                                                                                                                                                                                                                  no-unused-vars
  Line 54:12:  'vtTradeDetail' is assigned a value but never used                                                                                                                                                                                                                    no-unused-vars
  Line 144:8:  React Hook useEffect has missing dependencies: 'browserH', 'browserW', 'chartTo', 'props.compareSecurityBarChartData', 'props.rowIndexClicked', 'props.seasonalBarChartData', 'props.swiper', and 'rdd.isTablet'. Either include them or remove the dependency array  react-hooks/exhaustive-deps

src/components/MobileLayoutP.js
  Line 13:8:   'InfoPopupHelp' is defined but never used                                                                                                                                                                     no-unused-vars
  Line 22:10:  'SlSettings' is defined but never used                                                                                                                                                                        no-unused-vars
  Line 68:31:  'debug' is assigned a value but never used                                                                                                                                                                    no-unused-vars
  Line 71:12:  'tradeReportData' is assigned a value but never used                                                                                                                                                          no-unused-vars
  Line 74:12:  'vtTradeDetail' is assigned a value but never used                                                                                                                                                            no-unused-vars
  Line 83:12:  'showDetail4' is assigned a value but never used                                                                                                                                                              no-unused-vars
  Line 151:8:  React Hook useEffect has missing dependencies: 'props.compareSecurityBarChartData', 'props.compareSecurityLongOrShort', and 'props.seasonalBarChartData'. Either include them or remove the dependency array  react-hooks/exhaustive-deps

src/components/NumberPicker.js
  Line 19:47:  Unexpected mix of '||' and '&&'. Use parentheses to clarify the intended order of operations  no-mixed-operators
  Line 19:60:  Unexpected mix of '||' and '&&'. Use parentheses to clarify the intended order of operations  no-mixed-operators

src/components/OppNote.js
  Line 7:8:     'SelectBox' is defined but never used                                                                                                no-unused-vars
  Line 8:8:     'TextBox' is defined but never used                                                                                                  no-unused-vars
  Line 9:10:    'BsPlus' is defined but never used                                                                                                   no-unused-vars
  Line 9:18:    'BsFolderSymlink' is defined but never used                                                                                          no-unused-vars
  Line 9:45:    'BsThermometerLow' is defined but never used                                                                                         no-unused-vars
  Line 10:10:   'GrEdit' is defined but never used                                                                                                   no-unused-vars
  Line 17:13:   'numReportsAllowed' is assigned a value but never used                                                                               no-unused-vars
  Line 17:52:   'tableTitleTextSize' is assigned a value but never used                                                                              no-unused-vars
  Line 17:77:   'resourceObj' is assigned a value but never used                                                                                     no-unused-vars
  Line 17:90:   'globalTextSize' is assigned a value but never used                                                                                  no-unused-vars
  Line 17:106:  'infoTextSize' is assigned a value but never used                                                                                    no-unused-vars
  Line 17:120:  'loggedinUser' is assigned a value but never used                                                                                    no-unused-vars
  Line 59:9:    'icon_sizeP' is assigned a value but never used                                                                                      no-unused-vars
  Line 60:9:    'icon_sizeE' is assigned a value but never used                                                                                      no-unused-vars
  Line 61:9:    'icon_sizeD' is assigned a value but never used                                                                                      no-unused-vars
  Line 153:9:   'textboxWidth' is assigned a value but never used                                                                                    no-unused-vars
  Line 159:17:  Unexpected whitespace before property 'height'                                                                                       no-whitespace-before-property
  Line 160:15:  Unexpected whitespace before property 'width'                                                                                        no-whitespace-before-property
  Line 161:13:  Unexpected whitespace before property 'top'                                                                                          no-whitespace-before-property
  Line 162:15:  Unexpected whitespace before property 'left'                                                                                         no-whitespace-before-property
  Line 225:8:   React Hook useEffect has missing dependencies: 'props.selectedDRID' and 'token'. Either include them or remove the dependency array  react-hooks/exhaustive-deps

src/components/OppTable.js
  Line 1:1:     Unexpected Unicode BOM (Byte Order Mark)                                                                                                                                                                                                                                                                                                                                                  unicode-bom
  Line 24:10:   'SlSettings' is defined but never used                                                                                                                                                                                                                                                                                                                                                    no-unused-vars
  Line 27:10:   'BsFillCircleFill' is defined but never used                                                                                                                                                                                                                                                                                                                                              no-unused-vars
  Line 111:9:   'selectbox' is assigned a value but never used                                                                                                                                                                                                                                                                                                                                            no-unused-vars
  Line 114:73:  'debug' is assigned a value but never used                                                                                                                                                                                                                                                                                                                                                no-unused-vars
  Line 131:10:  'rowSelectedId' is assigned a value but never used                                                                                                                                                                                                                                                                                                                                        no-unused-vars
  Line 237:19:  'SetPELabel' is assigned a value but never used                                                                                                                                                                                                                                                                                                                                           no-unused-vars
  Line 409:6:   React Hook useEffect has a missing dependency: 'props'. Either include it or remove the dependency array. However, 'props' will change when *any* prop changes, so the preferred fix is to destructure the 'props' object outside of the useEffect call and refer to those specific props inside useEffect                                                                                react-hooks/exhaustive-deps
  Line 807:6:   React Hook useEffect has missing dependencies: 'browserH', 'browserW', 'loggedinUser', 'props', 'rdd.isMobile', and 'rdd.isTablet'. Either include them or remove the dependency array. However, 'props' will change when *any* prop changes, so the preferred fix is to destructure the 'props' object outside of the useEffect call and refer to those specific props inside useEffect  react-hooks/exhaustive-deps
  Line 876:6:   React Hook useEffect has missing dependencies: 'initialMessage', 'oppLoadFailed', and 'props'. Either include them or remove the dependency array. However, 'props' will change when *any* prop changes, so the preferred fix is to destructure the 'props' object outside of the useEffect call and refer to those specific props inside useEffect                                       react-hooks/exhaustive-deps
  Line 923:6:   React Hook useEffect has missing dependencies: 'props.securityTypeList', 'props.selectedSecurity', and 'token'. Either include them or remove the dependency array                                                                                                                                                                                                                        react-hooks/exhaustive-deps
  Line 1456:6:  React Hook useEffect has missing dependencies: 'props.securityTypeList' and 'token'. Either include them or remove the dependency array                                                                                                                                                                                                                                                   react-hooks/exhaustive-deps
  Line 1469:6:  React Hook useEffect has a missing dependency: 'props'. Either include it or remove the dependency array. However, 'props' will change when *any* prop changes, so the preferred fix is to destructure the 'props' object outside of the useEffect call and refer to those specific props inside useEffect                                                                                react-hooks/exhaustive-deps
  Line 1824:9:  'spanFontSize' is assigned a value but never used                                                                                                                                                                                                                                                                                                                                         no-unused-vars
  Line 1962:9:  'handleSettings' is assigned a value but never used                                                                                                                                                                                                                                                                                                                                       no-unused-vars

src/components/PECyclePopup.js
  Line 25:11:  'accentRed' is assigned a value but never used  no-unused-vars

src/components/PopulatePortfolio.js
  Line 15:10:   'BsPlus' is defined but never used                                                                                                       no-unused-vars
  Line 15:18:   'BsFolderSymlink' is defined but never used                                                                                              no-unused-vars
  Line 15:45:   'BsThermometerLow' is defined but never used                                                                                             no-unused-vars
  Line 15:63:   'BsFileEarmarkPerson' is defined but never used                                                                                          no-unused-vars
  Line 16:10:   'GrEdit' is defined but never used                                                                                                       no-unused-vars
  Line 17:29:   'monthsOptionsListS' is defined but never used                                                                                           no-unused-vars
  Line 29:11:   'maxCharacters' is assigned a value but never used                                                                                       no-unused-vars
  Line 31:13:   'numReportsAllowed' is assigned a value but never used                                                                                   no-unused-vars
  Line 31:52:   'tableTitleTextSize' is assigned a value but never used                                                                                  no-unused-vars
  Line 31:77:   'resourceObj' is assigned a value but never used                                                                                         no-unused-vars
  Line 31:90:   'globalTextSize' is assigned a value but never used                                                                                      no-unused-vars
  Line 31:106:  'infoTextSize' is assigned a value but never used                                                                                        no-unused-vars
  Line 31:120:  'loggedinUser' is assigned a value but never used                                                                                        no-unused-vars
  Line 34:12:   'text' is assigned a value but never used                                                                                                no-unused-vars
  Line 35:12:   'dashboardDialog_TLHW' is assigned a value but never used                                                                                no-unused-vars
  Line 52:12:   'minMFE' is assigned a value but never used                                                                                              no-unused-vars
  Line 52:20:   'SetMinMFE' is assigned a value but never used                                                                                           no-unused-vars
  Line 70:12:   'textBoxError3' is assigned a value but never used                                                                                       no-unused-vars
  Line 70:27:   'SetTextBoxError3' is assigned a value but never used                                                                                    no-unused-vars
  Line 76:12:   'loadedOpps' is assigned a value but never used                                                                                          no-unused-vars
  Line 76:24:   'SetLoadedOpps' is assigned a value but never used                                                                                       no-unused-vars
  Line 117:9:   'icon_sizeP' is assigned a value but never used                                                                                          no-unused-vars
  Line 118:9:   'icon_sizeE' is assigned a value but never used                                                                                          no-unused-vars
  Line 119:9:   'icon_sizeD' is assigned a value but never used                                                                                          no-unused-vars
  Line 226:9:   'textboxWidth' is assigned a value but never used                                                                                        no-unused-vars
  Line 394:8:   React Hook useEffect has missing dependencies: 'props.securityTypeList' and 'token'. Either include them or remove the dependency array  react-hooks/exhaustive-deps
  Line 399:11:  'handleTextChange' is assigned a value but never used                                                                                    no-unused-vars
  Line 521:13:  'market' is assigned a value but never used                                                                                              no-unused-vars

src/components/PortfolioSettings.js
  Line 10:18:   'BsFolderSymlink' is defined but never used              no-unused-vars
  Line 12:24:   'userlist_auto' is defined but never used                no-unused-vars
  Line 19:13:   'numReportsAllowed' is assigned a value but never used   no-unused-vars
  Line 19:52:   'tableTitleTextSize' is assigned a value but never used  no-unused-vars
  Line 19:77:   'resourceObj' is assigned a value but never used         no-unused-vars
  Line 19:106:  'infoTextSize' is assigned a value but never used        no-unused-vars
  Line 19:120:  'loggedinUser' is assigned a value but never used        no-unused-vars
  Line 175:13:  'allowed' is assigned a value but never used             no-unused-vars
  Line 203:35:  Expected '===' and instead saw '=='                      eqeqeq
  Line 306:16:  Expected '===' and instead saw '=='                      eqeqeq

src/components/PortfolioTradeReport.js
  Line 13:8:    'SelectBox' is defined but never used                                                                                                    no-unused-vars
  Line 14:8:    'TextBox' is defined but never used                                                                                                      no-unused-vars
  Line 15:10:   'BsPlus' is defined but never used                                                                                                       no-unused-vars
  Line 15:18:   'BsFolderSymlink' is defined but never used                                                                                              no-unused-vars
  Line 15:35:   'BsTrash3' is defined but never used                                                                                                     no-unused-vars
  Line 15:45:   'BsThermometerLow' is defined but never used                                                                                             no-unused-vars
  Line 15:63:   'BsFileEarmarkPerson' is defined but never used                                                                                          no-unused-vars
  Line 16:10:   'GrEdit' is defined but never used                                                                                                       no-unused-vars
  Line 17:29:   'monthsOptionsListS' is defined but never used                                                                                           no-unused-vars
  Line 21:10:   'BiSolidSquare' is defined but never used                                                                                                no-unused-vars
  Line 21:25:   'BiSquare' is defined but never used                                                                                                     no-unused-vars
  Line 23:19:   'CSVDownload' is defined but never used                                                                                                  no-unused-vars
  Line 27:11:   'maxCharacters' is assigned a value but never used                                                                                       no-unused-vars
  Line 29:13:   'numReportsAllowed' is assigned a value but never used                                                                                   no-unused-vars
  Line 29:52:   'tableTitleTextSize' is assigned a value but never used                                                                                  no-unused-vars
  Line 29:77:   'resourceObj' is assigned a value but never used                                                                                         no-unused-vars
  Line 29:90:   'globalTextSize' is assigned a value but never used                                                                                      no-unused-vars
  Line 29:106:  'infoTextSize' is assigned a value but never used                                                                                        no-unused-vars
  Line 29:120:  'loggedinUser' is assigned a value but never used                                                                                        no-unused-vars
  Line 31:12:   'text' is assigned a value but never used                                                                                                no-unused-vars
  Line 32:12:   'dashboardDialog_TLHW' is assigned a value but never used                                                                                no-unused-vars
  Line 35:12:   'seasonalYearsOptionsList' is assigned a value but never used                                                                            no-unused-vars
  Line 36:12:   'partialSeasonalYearsOptionsList' is assigned a value but never used                                                                     no-unused-vars
  Line 46:12:   'minMFE' is assigned a value but never used                                                                                              no-unused-vars
  Line 46:20:   'SetMinMFE' is assigned a value but never used                                                                                           no-unused-vars
  Line 47:11:   'minMFEpct' is assigned a value but never used                                                                                           no-unused-vars
  Line 62:12:   'textBoxError1' is assigned a value but never used                                                                                       no-unused-vars
  Line 63:12:   'textBoxError2' is assigned a value but never used                                                                                       no-unused-vars
  Line 64:12:   'textBoxError3' is assigned a value but never used                                                                                       no-unused-vars
  Line 64:27:   'SetTextBoxError3' is assigned a value but never used                                                                                    no-unused-vars
  Line 65:12:   'textBoxError4' is assigned a value but never used                                                                                       no-unused-vars
  Line 66:12:   'textBoxError5' is assigned a value but never used                                                                                       no-unused-vars
  Line 70:12:   'loadedOpps' is assigned a value but never used                                                                                          no-unused-vars
  Line 70:24:   'SetLoadedOpps' is assigned a value but never used                                                                                       no-unused-vars
  Line 71:12:   'oppCount' is assigned a value but never used                                                                                            no-unused-vars
  Line 75:11:   'minMFEfilters' is assigned a value but never used                                                                                       no-unused-vars
  Line 103:9:   'icon_sizeP' is assigned a value but never used                                                                                          no-unused-vars
  Line 104:9:   'icon_sizeE' is assigned a value but never used                                                                                          no-unused-vars
  Line 105:9:   'icon_sizeD' is assigned a value but never used                                                                                          no-unused-vars
  Line 115:9:   'query_width' is assigned a value but never used                                                                                         no-unused-vars
  Line 120:9:   'icon_trash_size' is assigned a value but never used                                                                                     no-unused-vars
  Line 121:9:   'redStarSize' is assigned a value but never used                                                                                         no-unused-vars
  Line 122:9:   'icon_status_size' is assigned a value but never used                                                                                    no-unused-vars
  Line 136:9:   'textbox_width' is assigned a value but never used                                                                                       no-unused-vars
  Line 142:9:   'text_font_size' is assigned a value but never used                                                                                      no-unused-vars
  Line 155:9:   'cancel_width' is assigned a value but never used                                                                                        no-unused-vars
  Line 202:9:   'textboxWidth' is assigned a value but never used                                                                                        no-unused-vars
  Line 357:8:   React Hook useEffect has missing dependencies: 'props.securityTypeList' and 'token'. Either include them or remove the dependency array  react-hooks/exhaustive-deps
  Line 362:11:  'handleTextChange' is assigned a value but never used                                                                                    no-unused-vars
  Line 366:11:  'handleBlur' is assigned a value but never used                                                                                          no-unused-vars
  Line 437:11:  'selectboxChanged' is assigned a value but never used                                                                                    no-unused-vars
  Line 473:11:  'portfolioActions' is assigned a value but never used                                                                                    no-unused-vars
  Line 478:13:  'market' is assigned a value but never used                                                                                              no-unused-vars
  Line 561:11:  'handleStatusClicked' is assigned a value but never used                                                                                 no-unused-vars
  Line 572:11:  'downloadPortfolioCSV' is assigned a value but never used                                                                                no-unused-vars

src/components/ProjectionPopup.js
  Line 25:11:  'accentRed' is assigned a value but never used  no-unused-vars

src/components/PublishArticle.js
  Line 7:10:    'MdOutlineTitle' is defined but never used                                                                no-unused-vars
  Line 22:11:   'maxCharacters' is assigned a value but never used                                                        no-unused-vars
  Line 24:13:   'numReportsAllowed' is assigned a value but never used                                                    no-unused-vars
  Line 24:52:   'tableTitleTextSize' is assigned a value but never used                                                   no-unused-vars
  Line 24:77:   'resourceObj' is assigned a value but never used                                                          no-unused-vars
  Line 24:106:  'infoTextSize' is assigned a value but never used                                                         no-unused-vars
  Line 31:12:   'articlePrompt' is assigned a value but never used                                                        no-unused-vars
  Line 91:12:   'articleMode' is assigned a value but never used                                                          no-unused-vars
  Line 91:25:   'SetArticleMode' is assigned a value but never used                                                       no-unused-vars
  Line 102:9:   'icon_sizeP' is assigned a value but never used                                                           no-unused-vars
  Line 103:9:   'icon_sizeE' is assigned a value but never used                                                           no-unused-vars
  Line 104:9:   'icon_sizeD' is assigned a value but never used                                                           no-unused-vars
  Line 119:9:   'icon_trash_size' is assigned a value but never used                                                      no-unused-vars
  Line 163:9:   'button_height' is assigned a value but never used                                                        no-unused-vars
  Line 165:9:   'cancel_width' is assigned a value but never used                                                         no-unused-vars
  Line 166:9:   'save_width' is assigned a value but never used                                                           no-unused-vars
  Line 221:9:   'textboxWidth' is assigned a value but never used                                                         no-unused-vars
  Line 222:9:   'charIndicatorFontSize' is assigned a value but never used                                                no-unused-vars
  Line 284:8:   React Hook useEffect has a missing dependency: 'token'. Either include it or remove the dependency array  react-hooks/exhaustive-deps
  Line 532:19:  'data' is assigned a value but never used                                                                 no-unused-vars
  Line 608:13:  'ret' is assigned a value but never used                                                                  no-unused-vars

src/components/ReportsDashboard.js
  Line 16:10:    'helpVideos' is defined but never used                                                                                                                                                                                                                                                                                                     no-unused-vars
  Line 20:8:     'ErrorBoundary' is defined but never used                                                                                                                                                                                                                                                                                                  no-unused-vars
  Line 22:8:     'jwt_decode' is defined but never used                                                                                                                                                                                                                                                                                                     no-unused-vars
  Line 27:10:    'brand' is defined but never used                                                                                                                                                                                                                                                                                                          no-unused-vars
  Line 28:10:    'getCookie' is defined but never used                                                                                                                                                                                                                                                                                                      no-unused-vars
  Line 34:10:    'BsPlus' is defined but never used                                                                                                                                                                                                                                                                                                         no-unused-vars
  Line 34:18:    'BsFolderSymlink' is defined but never used                                                                                                                                                                                                                                                                                                no-unused-vars
  Line 34:35:    'BsTrash3' is defined but never used                                                                                                                                                                                                                                                                                                       no-unused-vars
  Line 36:10:    'GrEdit' is defined but never used                                                                                                                                                                                                                                                                                                         no-unused-vars
  Line 37:20:    'BsFillPenFill' is defined but never used                                                                                                                                                                                                                                                                                                  no-unused-vars
  Line 43:39:    'userlist_article' is defined but never used                                                                                                                                                                                                                                                                                               no-unused-vars
  Line 45:10:    'IoNewspaperSharp' is defined but never used                                                                                                                                                                                                                                                                                               no-unused-vars
  Line 50:7:     'CLIENT_ID' is assigned a value but never used                                                                                                                                                                                                                                                                                             no-unused-vars
  Line 51:7:     'SCOPES' is assigned a value but never used                                                                                                                                                                                                                                                                                                no-unused-vars
  Line 52:7:     'CLIENT_SECRET' is assigned a value but never used                                                                                                                                                                                                                                                                                         no-unused-vars
  Line 53:7:     'APIKEY' is assigned a value but never used                                                                                                                                                                                                                                                                                                no-unused-vars
  Line 60:13:    'numReportsAllowed' is assigned a value but never used                                                                                                                                                                                                                                                                                     no-unused-vars
  Line 60:52:    'tableTitleTextSize' is assigned a value but never used                                                                                                                                                                                                                                                                                    no-unused-vars
  Line 60:90:    'globalTextSize' is assigned a value but never used                                                                                                                                                                                                                                                                                        no-unused-vars
  Line 60:106:   'infoTextSize' is assigned a value but never used                                                                                                                                                                                                                                                                                          no-unused-vars
  Line 67:12:    'oppValues' is assigned a value but never used                                                                                                                                                                                                                                                                                             no-unused-vars
  Line 70:12:    'portfolioTableLength' is assigned a value but never used                                                                                                                                                                                                                                                                                  no-unused-vars
  Line 163:9:    'newspaperIconSize' is assigned a value but never used                                                                                                                                                                                                                                                                                     no-unused-vars
  Line 202:9:    'rowHeight' is assigned a value but never used                                                                                                                                                                                                                                                                                             no-unused-vars
  Line 215:9:    'portPlusSize' is assigned a value but never used                                                                                                                                                                                                                                                                                          no-unused-vars
  Line 217:9:    'portTrashSize' is assigned a value but never used                                                                                                                                                                                                                                                                                         no-unused-vars
  Line 339:11:   'controlItem' is assigned a value but never used                                                                                                                                                                                                                                                                                           no-unused-vars
  Line 356:13:   'userid' is assigned a value but never used                                                                                                                                                                                                                                                                                                no-unused-vars
  Line 387:8:    React Hook useEffect has missing dependencies: 'loggedinUser', 'props', and 'token'. Either include them or remove the dependency array. However, 'props' will change when *any* prop changes, so the preferred fix is to destructure the 'props' object outside of the useEffect call and refer to those specific props inside useEffect  react-hooks/exhaustive-deps
  Line 400:13:   'current_selected_status' is assigned a value but never used                                                                                                                                                                                                                                                                               no-unused-vars
  Line 417:70:   Expected '!==' and instead saw '!='                                                                                                                                                                                                                                                                                                        eqeqeq
  Line 536:8:    React Hook useEffect has missing dependencies: 'props' and 'token'. Either include them or remove the dependency array. However, 'props' will change when *any* prop changes, so the preferred fix is to destructure the 'props' object outside of the useEffect call and refer to those specific props inside useEffect                   react-hooks/exhaustive-deps
  Line 610:8:    React Hook useEffect has a missing dependency: 'props'. Either include it or remove the dependency array. However, 'props' will change when *any* prop changes, so the preferred fix is to destructure the 'props' object outside of the useEffect call and refer to those specific props inside useEffect                                 react-hooks/exhaustive-deps
  Line 693:11:   'handleAddReport' is assigned a value but never used                                                                                                                                                                                                                                                                                       no-unused-vars
  Line 696:13:   'id' is assigned a value but never used                                                                                                                                                                                                                                                                                                    no-unused-vars
  Line 697:13:   'symbol' is assigned a value but never used                                                                                                                                                                                                                                                                                                no-unused-vars
  Line 698:13:   'date' is assigned a value but never used                                                                                                                                                                                                                                                                                                  no-unused-vars
  Line 699:13:   'days_hold' is assigned a value but never used                                                                                                                                                                                                                                                                                             no-unused-vars
  Line 700:13:   'years' is assigned a value but never used                                                                                                                                                                                                                                                                                                 no-unused-vars
  Line 705:13:   'direction' is assigned a value but never used                                                                                                                                                                                                                                                                                             no-unused-vars
  Line 706:13:   'sharpe_ratio' is assigned a value but never used                                                                                                                                                                                                                                                                                          no-unused-vars
  Line 789:13:   'contentText' was used before it was defined                                                                                                                                                                                                                                                                                               no-use-before-define
  Line 791:84:   'contentText' was used before it was defined                                                                                                                                                                                                                                                                                               no-use-before-define
  Line 1210:11:  'downloadPortfolioCSV' is assigned a value but never used                                                                                                                                                                                                                                                                                  no-unused-vars

src/components/RiskProfileChart.js
  Line 1:17:    'useMemo' is defined but never used                                                                                                                                                                                                                                                                                 no-unused-vars
  Line 8:10:    'FaAngleDoubleLeft' is defined but never used                                                                                                                                                                                                                                                                       no-unused-vars
  Line 9:10:    'BsQuestionCircle' is defined but never used                                                                                                                                                                                                                                                                        no-unused-vars
  Line 21:38:   'infoTextSize' is assigned a value but never used                                                                                                                                                                                                                                                                   no-unused-vars
  Line 27:12:   'cumulativeBoundingClientRect' is assigned a value but never used                                                                                                                                                                                                                                                   no-unused-vars
  Line 27:42:   'SetCumulativeBoundingClientRect' is assigned a value but never used                                                                                                                                                                                                                                                no-unused-vars
  Line 48:14:   'questionSize' is assigned a value but never used                                                                                                                                                                                                                                                                   no-unused-vars
  Line 64:86:   'caretSize' is assigned a value but never used                                                                                                                                                                                                                                                                      no-unused-vars
  Line 85:13:   'showTitleDiv' is assigned a value but never used                                                                                                                                                                                                                                                                   no-unused-vars
  Line 87:13:   'titleHeight' is assigned a value but never used                                                                                                                                                                                                                                                                    no-unused-vars
  Line 88:13:   'showChartTitle' is assigned a value but never used                                                                                                                                                                                                                                                                 no-unused-vars
  Line 108:13:  'userid' is assigned a value but never used                                                                                                                                                                                                                                                                         no-unused-vars
  Line 186:8:   React Hook useEffect has missing dependencies: 'creditSpreadList', 'loggedinUser', 'stockPrice', and 'token'. Either include them or remove the dependency array. If 'SetXMin' needs the current value of 'stockPrice', you can also switch to useReducer instead of useState and read 'stockPrice' in the reducer  react-hooks/exhaustive-deps

src/components/SeasonalBarChart.js
  Line 1:1:      Unexpected Unicode BOM (Byte Order Mark)                                                                                                                                                                                                                                                                                                                                                 unicode-bom
  Line 26:44:    'minYears' is defined but never used                                                                                                                                                                                                                                                                                                                                                     no-unused-vars
  Line 28:10:    'checkTokenExpired' is defined but never used                                                                                                                                                                                                                                                                                                                                            no-unused-vars
  Line 91:73:    'infoTextSize' is assigned a value but never used                                                                                                                                                                                                                                                                                                                                        no-unused-vars
  Line 91:101:   'debug' is assigned a value but never used                                                                                                                                                                                                                                                                                                                                               no-unused-vars
  Line 548:7:    React Hook useEffect has a complex expression in the dependency array. Extract it to a separate variable so it can be statically checked                                                                                                                                                                                                                                                 react-hooks/exhaustive-deps
  Line 550:27:   'SetPEselectionList' is assigned a value but never used                                                                                                                                                                                                                                                                                                                                  no-unused-vars
  Line 724:6:    React Hook useEffect has a missing dependency: 'props'. Either include it or remove the dependency array. However, 'props' will change when *any* prop changes, so the preferred fix is to destructure the 'props' object outside of the useEffect call and refer to those specific props inside useEffect                                                                               react-hooks/exhaustive-deps
  Line 951:6:    React Hook useEffect has missing dependencies: 'chartViewSnapshot', 'props', 'reportViewerLoad', and 'resolveSymbolAcrossMarkets'. Either include them or remove the dependency array. However, 'props' will change when *any* prop changes, so the preferred fix is to destructure the 'props' object outside of the useEffect call and refer to those specific props inside useEffect  react-hooks/exhaustive-deps
  Line 1086:6:   React Hook useEffect has a missing dependency: 'props'. Either include it or remove the dependency array. However, 'props' will change when *any* prop changes, so the preferred fix is to destructure the 'props' object outside of the useEffect call and refer to those specific props inside useEffect                                                                               react-hooks/exhaustive-deps
  Line 1087:5:   React Hook useEffect has a complex expression in the dependency array. Extract it to a separate variable so it can be statically checked                                                                                                                                                                                                                                                 react-hooks/exhaustive-deps
  Line 1088:5:   React Hook useEffect has a complex expression in the dependency array. Extract it to a separate variable so it can be statically checked                                                                                                                                                                                                                                                 react-hooks/exhaustive-deps
  Line 1089:5:   React Hook useEffect has a complex expression in the dependency array. Extract it to a separate variable so it can be statically checked                                                                                                                                                                                                                                                 react-hooks/exhaustive-deps
  Line 1090:5:   React Hook useEffect has a complex expression in the dependency array. Extract it to a separate variable so it can be statically checked                                                                                                                                                                                                                                                 react-hooks/exhaustive-deps
  Line 1194:6:   React Hook useEffect has missing dependencies: 'props' and 'reportIdentityKey'. Either include them or remove the dependency array. However, 'props' will change when *any* prop changes, so the preferred fix is to destructure the 'props' object outside of the useEffect call and refer to those specific props inside useEffect                                                     react-hooks/exhaustive-deps
  Line 1198:12:  'isCurrentYearLeap' is defined but never used                                                                                                                                                                                                                                                                                                                                            no-unused-vars
  Line 1350:6:   React Hook useEffect has missing dependencies: 'chartViewSnapshot', 'props', 'reportViewerLoad', and 'trendStudyKey'. Either include them or remove the dependency array. However, 'props' will change when *any* prop changes, so the preferred fix is to destructure the 'props' object outside of the useEffect call and refer to those specific props inside useEffect               react-hooks/exhaustive-deps
  Line 1417:6:   React Hook useEffect has missing dependencies: 'props' and 'trendStudyKey'. Either include them or remove the dependency array. However, 'props' will change when *any* prop changes, so the preferred fix is to destructure the 'props' object outside of the useEffect call and refer to those specific props inside useEffect                                                         react-hooks/exhaustive-deps
  Line 1486:6:   React Hook useEffect has missing dependencies: 'props.securityTypeList2', 'props.selectedSecurity', and 'rdd.isMobile'. Either include them or remove the dependency array                                                                                                                                                                                                               react-hooks/exhaustive-deps
  Line 1605:13:  'old_start_date' is assigned a value but never used                                                                                                                                                                                                                                                                                                                                      no-unused-vars
  Line 1610:89:  Expected '!==' and instead saw '!='                                                                                                                                                                                                                                                                                                                                                      eqeqeq
  Line 1667:27:  Expected '!==' and instead saw '!='                                                                                                                                                                                                                                                                                                                                                      eqeqeq
  Line 1759:27:  Expected '!==' and instead saw '!='                                                                                                                                                                                                                                                                                                                                                      eqeqeq
  Line 2396:5:   'textsize' is assigned a value but never used                                                                                                                                                                                                                                                                                                                                            no-unused-vars
  Line 2434:7:   'navArrowSize' is assigned a value but never used                                                                                                                                                                                                                                                                                                                                        no-unused-vars
  Line 2488:9:   'StyleBackArrow' is assigned a value but never used                                                                                                                                                                                                                                                                                                                                      no-unused-vars
  Line 2538:5:   Duplicate key 'display'                                                                                                                                                                                                                                                                                                                                                                  no-dupe-keys
  Line 2599:9:   'handleBackClick' is assigned a value but never used                                                                                                                                                                                                                                                                                                                                     no-unused-vars
  Line 2634:9:   'handleExport' is assigned a value but never used                                                                                                                                                                                                                                                                                                                                        no-unused-vars
  Line 2713:50:  Expected '!==' and instead saw '!='                                                                                                                                                                                                                                                                                                                                                      eqeqeq
  Line 2755:6:   React Hook useEffect has a missing dependency: 'fetchReminderInfo'. Either include it or remove the dependency array                                                                                                                                                                                                                                                                     react-hooks/exhaustive-deps
  Line 3064:32:  Expected '!==' and instead saw '!='                                                                                                                                                                                                                                                                                                                                                      eqeqeq
  Line 3071:15:  'cumulative_return' is assigned a value but never used                                                                                                                                                                                                                                                                                                                                   no-unused-vars

src/components/SeasonalChart.js
  Line 1:1:     Unexpected Unicode BOM (Byte Order Mark)                                                                                                                                                                                                                                                                                                                                                                                                                        unicode-bom
  Line 2:10:    'unstable_batchedUpdates' is defined but never used                                                                                                                                                                                                                                                                                                                                                                                                             no-unused-vars
  Line 10:10:   'BiExport' is defined but never used                                                                                                                                                                                                                                                                                                                                                                                                                            no-unused-vars
  Line 14:34:   'customYearsDesc' is defined but never used                                                                                                                                                                                                                                                                                                                                                                                                                     no-unused-vars
  Line 28:11:   'currentYear' is assigned a value but never used                                                                                                                                                                                                                                                                                                                                                                                                                no-unused-vars
  Line 32:96:   'token' is assigned a value but never used                                                                                                                                                                                                                                                                                                                                                                                                                      no-unused-vars
  Line 164:8:   React Hook useEffect has a missing dependency: 'debug_events'. Either include it or remove the dependency array                                                                                                                                                                                                                                                                                                                                                 react-hooks/exhaustive-deps
  Line 320:13:  'showTitleDiv' is assigned a value but never used                                                                                                                                                                                                                                                                                                                                                                                                               no-unused-vars
  Line 325:13:  'showChartTitle' is assigned a value but never used                                                                                                                                                                                                                                                                                                                                                                                                             no-unused-vars
  Line 674:15:  'isPE' is assigned a value but never used                                                                                                                                                                                                                                                                                                                                                                                                                       no-unused-vars
  Line 903:8:   React Hook useEffect has missing dependencies: 'browserH', 'debug_events', 'loggedinUser', 'oppDivLTWH', 'props', 'rdd.isAndroid', 'rdd.isIOS', 'rdd.isMobile', 'updatePixelsPerDay', and 'wpUserLevels'. Either include them or remove the dependency array. However, 'props' will change when *any* prop changes, so the preferred fix is to destructure the 'props' object outside of the useEffect call and refer to those specific props inside useEffect  react-hooks/exhaustive-deps
  Line 903:23:  React Hook useEffect has a complex expression in the dependency array. Extract it to a separate variable so it can be statically checked                                                                                                                                                                                                                                                                                                                        react-hooks/exhaustive-deps
  Line 993:8:   React Hook useEffect has a missing dependency: 'debug_events'. Either include it or remove the dependency array                                                                                                                                                                                                                                                                                                                                                 react-hooks/exhaustive-deps

src/components/SeasonalChartStats.js
  Line 66:8:    React Hook useEffect has missing dependencies: 'props.securityBHstats', 'props.showSR2', and 'showBH'. Either include them or remove the dependency array. If 'SetSCStatData' needs the current value of 'props.securityBHstats', you can also switch to useReducer instead of useState and read 'props.securityBHstats' in the reducer  react-hooks/exhaustive-deps
  Line 66:111:  React Hook useEffect has a complex expression in the dependency array. Extract it to a separate variable so it can be statically checked                                                                                                                                                                                                 react-hooks/exhaustive-deps

src/components/SecuritiesGroupSettings.js
  Line 14:38:  'globalTextSize' is assigned a value but never used                                                                                                                                                                                                                                                         no-unused-vars
  Line 14:61:  'loggedinUser' is assigned a value but never used                                                                                                                                                                                                                                                           no-unused-vars
  Line 37:8:   React Hook useEffect has a missing dependency: 'props'. Either include it or remove the dependency array. However, 'props' will change when *any* prop changes, so the preferred fix is to destructure the 'props' object outside of the useEffect call and refer to those specific props inside useEffect  react-hooks/exhaustive-deps

src/components/Settings.js
  Line 3:24:    'securityTypeList' is defined but never used                      no-unused-vars
  Line 7:8:     'SelectBox' is defined but never used                             no-unused-vars
  Line 9:10:    'GrEdit' is defined but never used                                no-unused-vars
  Line 9:18:    'GrRun' is defined but never used                                 no-unused-vars
  Line 10:10:   'BsTrash3' is defined but never used                              no-unused-vars
  Line 12:10:   'monthsOptionsList' is defined but never used                     no-unused-vars
  Line 12:29:   'monthsOptionsListS' is defined but never used                    no-unused-vars
  Line 12:49:   'getTodayDate' is defined but never used                          no-unused-vars
  Line 19:13:   'numReportsAllowed' is assigned a value but never used            no-unused-vars
  Line 19:52:   'tableTitleTextSize' is assigned a value but never used           no-unused-vars
  Line 19:77:   'resourceObj' is assigned a value but never used                  no-unused-vars
  Line 19:90:   'globalTextSize' is assigned a value but never used               no-unused-vars
  Line 19:120:  'loggedinUser' is assigned a value but never used                 no-unused-vars
  Line 22:12:   'message' is assigned a value but never used                      no-unused-vars
  Line 22:21:   'SetMessage' is assigned a value but never used                   no-unused-vars
  Line 23:12:   'newText' is assigned a value but never used                      no-unused-vars
  Line 23:21:   'SetNewText' is assigned a value but never used                   no-unused-vars
  Line 24:12:   'selPort' is assigned a value but never used                      no-unused-vars
  Line 24:21:   'SetSelPort' is assigned a value but never used                   no-unused-vars
  Line 26:12:   'numOppsSelectedPortfolio' is assigned a value but never used     no-unused-vars
  Line 26:38:   'SetNumOppsSelectedPortfolio' is assigned a value but never used  no-unused-vars
  Line 29:12:   'emailSelection' is assigned a value but never used               no-unused-vars
  Line 29:28:   'SetEmailSelection' is assigned a value but never used            no-unused-vars
  Line 51:9:    'icon_sizeP' is assigned a value but never used                   no-unused-vars
  Line 52:9:    'icon_sizeE' is assigned a value but never used                   no-unused-vars
  Line 53:9:    'icon_sizeD' is assigned a value but never used                   no-unused-vars
  Line 118:9:   'button_height' is assigned a value but never used                no-unused-vars
  Line 189:9:   'questionSize' is assigned a value but never used                 no-unused-vars
  Line 216:9:   'textboxWidth' is assigned a value but never used                 no-unused-vars
  Line 238:11:  'popupHelpStyle' is assigned a value but never used               no-unused-vars

src/components/StockLineChart.js
  Line 1:1:     Unexpected Unicode BOM (Byte Order Mark)                                                                                                                                                                                                                                                                                              unicode-bom
  Line 12:68:   'BsFillCaretLeftFill' is defined but never used                                                                                                                                                                                                                                                                                       no-unused-vars
  Line 12:88:   'BsFillCaretRightFill' is defined but never used                                                                                                                                                                                                                                                                                      no-unused-vars
  Line 14:10:   'BiExport' is defined but never used                                                                                                                                                                                                                                                                                                  no-unused-vars
  Line 36:45:   'infoTextSize' is assigned a value but never used                                                                                                                                                                                                                                                                                     no-unused-vars
  Line 52:12:   'lineChartDate0' is assigned a value but never used                                                                                                                                                                                                                                                                                   no-unused-vars
  Line 53:12:   'lineChartDate1' is assigned a value but never used                                                                                                                                                                                                                                                                                   no-unused-vars
  Line 344:29:  'trigger' is assigned a value but never used                                                                                                                                                                                                                                                                                          no-unused-vars
  Line 378:33:  'stock_price' is assigned a value but never used                                                                                                                                                                                                                                                                                      no-unused-vars
  Line 458:8:   React Hook useEffect has missing dependencies: 'nonCurrentPECycle' and 'props'. Either include them or remove the dependency array. However, 'props' will change when *any* prop changes, so the preferred fix is to destructure the 'props' object outside of the useEffect call and refer to those specific props inside useEffect  react-hooks/exhaustive-deps
  Line 512:11:  'StyleBackArrow' is assigned a value but never used                                                                                                                                                                                                                                                                                   no-unused-vars
  Line 543:9:   'questionDisplay' is assigned a value but never used                                                                                                                                                                                                                                                                                  no-unused-vars
  Line 553:11:  'handleBackClick' is assigned a value but never used                                                                                                                                                                                                                                                                                  no-unused-vars
  Line 661:8:   React Hook useEffect has a missing dependency: 'props'. Either include it or remove the dependency array. However, 'props' will change when *any* prop changes, so the preferred fix is to destructure the 'props' object outside of the useEffect call and refer to those specific props inside useEffect                            react-hooks/exhaustive-deps
  Line 724:11:  'handle3Circles' is assigned a value but never used                                                                                                                                                                                                                                                                                   no-unused-vars

src/components/TableBoxReports.js
  Line 9:65:    'BsFillStopFill' is defined but never used                                                                                                                                                                                                                                                                                                                                                                                       no-unused-vars
  Line 11:10:   'AiOutlineDollarCircle' is defined but never used                                                                                                                                                                                                                                                                                                                                                                                no-unused-vars
  Line 14:10:   'IoReloadCircle' is defined but never used                                                                                                                                                                                                                                                                                                                                                                                       no-unused-vars
  Line 15:28:   'HiOutlineDocumentReport' is defined but never used                                                                                                                                                                                                                                                                                                                                                                              no-unused-vars
  Line 19:10:   'getByPlaceholderText' is defined but never used                                                                                                                                                                                                                                                                                                                                                                                 no-unused-vars
  Line 20:10:   'AiFillAndroid' is defined but never used                                                                                                                                                                                                                                                                                                                                                                                        no-unused-vars
  Line 26:10:   'PiStrategyFill' is defined but never used                                                                                                                                                                                                                                                                                                                                                                                       no-unused-vars
  Line 28:10:   'FiType' is defined but never used                                                                                                                                                                                                                                                                                                                                                                                               no-unused-vars
  Line 29:10:   'TbReportSearch' is defined but never used                                                                                                                                                                                                                                                                                                                                                                                       no-unused-vars
  Line 30:10:   'TbReportMoney' is defined but never used                                                                                                                                                                                                                                                                                                                                                                                        no-unused-vars
  Line 31:10:   'userlist_amp' is defined but never used                                                                                                                                                                                                                                                                                                                                                                                         no-unused-vars
  Line 50:38:   'tableTextSize' is assigned a value but never used                                                                                                                                                                                                                                                                                                                                                                               no-unused-vars
  Line 50:53:   'tableTitleTextSize' is assigned a value but never used                                                                                                                                                                                                                                                                                                                                                                          no-unused-vars
  Line 160:13:  'tmpTT' is assigned a value but never used                                                                                                                                                                                                                                                                                                                                                                                       no-unused-vars
  Line 194:17:  'positions' is assigned a value but never used                                                                                                                                                                                                                                                                                                                                                                                   no-unused-vars
  Line 319:9:   'daysout_title' is assigned a value but never used                                                                                                                                                                                                                                                                                                                                                                               no-unused-vars
  Line 368:32:  Expected '===' and instead saw '=='                                                                                                                                                                                                                                                                                                                                                                                              eqeqeq
  Line 405:8:   React Hook useEffect has missing dependencies: 'SetOppTableLength', 'SetRowIndexDRclicked', 'browserH', 'browserW', 'clickedRowIndex', 'newsToggle', 'rdd.isMobile', 'rdd.isTablet', 'resourceObj', 'secondColSort', and 'selectedPortfolioID'. Either include them or remove the dependency array. If 'SetOppTableLength' changes too often, find the parent component that defines it and wrap that definition in useCallback  react-hooks/exhaustive-deps
  Line 437:11:  'tableTDstyle' is assigned a value but never used                                                                                                                                                                                                                                                                                                                                                                                no-unused-vars
  Line 542:8:   React Hook useEffect has a missing dependency: 'setShowDiv'. Either include it or remove the dependency array. If 'setShowDiv' changes too often, find the parent component that defines it and wrap that definition in useCallback                                                                                                                                                                                              react-hooks/exhaustive-deps

src/components/TestGIS.js
  Line 53:20:   'sendEvent' is defined but never used                                                                      no-unused-vars
  Line 62:19:   'google' is defined but never used                                                                         no-unused-vars
  Line 125:39:  Expected '!==' and instead saw '!='                                                                        eqeqeq
  Line 131:21:  img elements must have an alt prop, either with meaningful text, or an empty string for decorative images  jsx-a11y/alt-text

src/components/TextBox.js
  Line 14:13:  'wpUserLevels' is assigned a value but never used  no-unused-vars

src/components/TextBoxInc.js
  Line 12:13:  'wpUserLevels' is assigned a value but never used  no-unused-vars

src/components/TextBoxTime.js
  Line 11:13:  'wpUserLevels' is assigned a value but never used  no-unused-vars

src/components/TradeDetail.js
  Line 1:50:    'useImperativeHandle' is defined but never used                                                                                                                                                                                                                                                                                                                                                                                                                         no-unused-vars
  Line 11:44:   'appserverURL' is defined but never used                                                                                                                                                                                                                                                                                                                                                                                                                                no-unused-vars
  Line 12:10:   'AiOutlineFileJpg' is defined but never used                                                                                                                                                                                                                                                                                                                                                                                                                            no-unused-vars
  Line 13:10:   'GrDocumentCsv' is defined but never used                                                                                                                                                                                                                                                                                                                                                                                                                               no-unused-vars
  Line 14:10:   'HiOutlineClipboardDocumentList' is defined but never used                                                                                                                                                                                                                                                                                                                                                                                                              no-unused-vars
  Line 16:19:   'CSVDownload' is defined but never used                                                                                                                                                                                                                                                                                                                                                                                                                                 no-unused-vars
  Line 18:10:   'BiExport' is defined but never used                                                                                                                                                                                                                                                                                                                                                                                                                                    no-unused-vars
  Line 18:20:   'BiClipboard' is defined but never used                                                                                                                                                                                                                                                                                                                                                                                                                                 no-unused-vars
  Line 19:10:   'BsReverseBackspaceReverse' is defined but never used                                                                                                                                                                                                                                                                                                                                                                                                                   no-unused-vars
  Line 19:58:   'BsGlobe' is defined but never used                                                                                                                                                                                                                                                                                                                                                                                                                                     no-unused-vars
  Line 19:67:   'BsShareFill' is defined but never used                                                                                                                                                                                                                                                                                                                                                                                                                                 no-unused-vars
  Line 20:10:   'FaGlobe' is defined but never used                                                                                                                                                                                                                                                                                                                                                                                                                                     no-unused-vars
  Line 20:19:   'RxGlobe' is defined but never used                                                                                                                                                                                                                                                                                                                                                                                                                                     no-unused-vars
  Line 20:28:   'SlGlobe' is defined but never used                                                                                                                                                                                                                                                                                                                                                                                                                                     no-unused-vars
  Line 20:37:   'FaShareAlt' is defined but never used                                                                                                                                                                                                                                                                                                                                                                                                                                  no-unused-vars
  Line 35:66:   'token' is assigned a value but never used                                                                                                                                                                                                                                                                                                                                                                                                                              no-unused-vars
  Line 63:9:    'compared_security' is assigned a value but never used                                                                                                                                                                                                                                                                                                                                                                                                                  no-unused-vars
  Line 258:13:  Expected a default case                                                                                                                                                                                                                                                                                                                                                                                                                                                 default-case
  Line 298:21:  'price' is assigned a value but never used                                                                                                                                                                                                                                                                                                                                                                                                                              no-unused-vars
  Line 310:21:  'price' is assigned a value but never used                                                                                                                                                                                                                                                                                                                                                                                                                              no-unused-vars
  Line 321:21:  'price' is assigned a value but never used                                                                                                                                                                                                                                                                                                                                                                                                                              no-unused-vars
  Line 348:8:   React Hook useEffect has missing dependencies: 'props.company', 'props.compareSecurityBarChartData', 'props.daysOut', 'props.monthsAndQtrs', 'props.seasonalBarChartData', 'props.seasonalYears', 'props.selectedSecurity', and 'props.startDate'. Either include them or remove the dependency array. If 'SetVtTradeDetail' needs the current value of 'props.daysOut', you can also switch to useReducer instead of useState and read 'props.daysOut' in the reducer  react-hooks/exhaustive-deps
  Line 348:81:  React Hook useEffect has a complex expression in the dependency array. Extract it to a separate variable so it can be statically checked                                                                                                                                                                                                                                                                                                                                react-hooks/exhaustive-deps
  Line 359:11:  'handleSSSW' is assigned a value but never used                                                                                                                                                                                                                                                                                                                                                                                                                         no-unused-vars
  Line 382:11:  'handle3Circles' is assigned a value but never used                                                                                                                                                                                                                                                                                                                                                                                                                     no-unused-vars

src/components/TradeDetailMobile.js
  Line 28:12:   'cumulativeGrowth' is assigned a value but never used                                                                                                                                                                                                                                                                                     no-unused-vars
  Line 29:12:   'cumulativeGrowthL' is assigned a value but never used                                                                                                                                                                                                                                                                                    no-unused-vars
  Line 174:8:   React Hook useEffect has missing dependencies: 'props.daysOut', 'props.seasonalBarChartData', and 'props.startDate'. Either include them or remove the dependency array. If 'SetVtTradeDetail' needs the current value of 'props.daysOut', you can also switch to useReducer instead of useState and read 'props.daysOut' in the reducer  react-hooks/exhaustive-deps
  Line 174:81:  React Hook useEffect has a complex expression in the dependency array. Extract it to a separate variable so it can be statically checked                                                                                                                                                                                                  react-hooks/exhaustive-deps

src/components/TradeInstrument.js
  Line 15:8:     'jwt_decode' is defined but never used                                                                                                                                                                                                                                                                                                        no-unused-vars
  Line 20:10:    'getAllEventTimes' is defined but never used                                                                                                                                                                                                                                                                                                  no-unused-vars
  Line 21:8:     'SelectBox' is defined but never used                                                                                                                                                                                                                                                                                                         no-unused-vars
  Line 26:10:    'getCookie' is defined but never used                                                                                                                                                                                                                                                                                                         no-unused-vars
  Line 26:21:    'setCookie' is defined but never used                                                                                                                                                                                                                                                                                                         no-unused-vars
  Line 29:10:    'TbDelta' is defined but never used                                                                                                                                                                                                                                                                                                           no-unused-vars
  Line 33:10:    'BsFillCaretUpFill' is defined but never used                                                                                                                                                                                                                                                                                                 no-unused-vars
  Line 33:29:    'BsFillCaretDownFill' is defined but never used                                                                                                                                                                                                                                                                                               no-unused-vars
  Line 45:10:    'convertDateFormat' is defined but never used                                                                                                                                                                                                                                                                                                 no-unused-vars
  Line 69:33:    'tableTitleTextSize' is assigned a value but never used                                                                                                                                                                                                                                                                                       no-unused-vars
  Line 69:58:    'resourceObj' is assigned a value but never used                                                                                                                                                                                                                                                                                              no-unused-vars
  Line 69:71:    'globalTextSize' is assigned a value but never used                                                                                                                                                                                                                                                                                           no-unused-vars
  Line 69:87:    'infoTextSize' is assigned a value but never used                                                                                                                                                                                                                                                                                             no-unused-vars
  Line 69:101:   'loggedinUser' is assigned a value but never used                                                                                                                                                                                                                                                                                             no-unused-vars
  Line 75:11:    'stockPriceRef' is assigned a value but never used                                                                                                                                                                                                                                                                                            no-unused-vars
  Line 114:39:   'SetStockPriceBackgroundColor' is assigned a value but never used                                                                                                                                                                                                                                                                             no-unused-vars
  Line 136:12:   'displayedOrderPrice' is assigned a value but never used                                                                                                                                                                                                                                                                                      no-unused-vars
  Line 137:12:   'positionStatus' is assigned a value but never used                                                                                                                                                                                                                                                                                           no-unused-vars
  Line 137:28:   'SetPositionStatus' is assigned a value but never used                                                                                                                                                                                                                                                                                        no-unused-vars
  Line 141:12:   'riskProfileAtExpiration' is assigned a value but never used                                                                                                                                                                                                                                                                                  no-unused-vars
  Line 141:37:   'SetRiskProfileAtExpiration' is assigned a value but never used                                                                                                                                                                                                                                                                               no-unused-vars
  Line 142:12:   'riskProfileNow' is assigned a value but never used                                                                                                                                                                                                                                                                                           no-unused-vars
  Line 142:28:   'SetRiskProfileNow' is assigned a value but never used                                                                                                                                                                                                                                                                                        no-unused-vars
  Line 143:12:   'riskProfileLabels' is assigned a value but never used                                                                                                                                                                                                                                                                                        no-unused-vars
  Line 143:31:   'SetRiskProfileLabels' is assigned a value but never used                                                                                                                                                                                                                                                                                     no-unused-vars
  Line 196:65:   'bodyHeight' is assigned a value but never used                                                                                                                                                                                                                                                                                               no-unused-vars
  Line 198:133:  'button_font_size' is assigned a value but never used                                                                                                                                                                                                                                                                                         no-unused-vars
  Line 227:8:    React Hook useEffect has missing dependencies: 'earlyExcerciseAction' and 'waveEndAction'. Either include them or remove the dependency array                                                                                                                                                                                                 react-hooks/exhaustive-deps
  Line 237:27:   The ref value 'refreshTimers.current' will likely have changed by the time this effect cleanup function runs. If this ref points to a node rendered by React, copy 'refreshTimers.current' to a variable inside the effect, and use that variable in the cleanup function                                                                     react-hooks/exhaustive-deps
  Line 263:8:    React Hook useEffect has a missing dependency: 'token'. Either include it or remove the dependency array                                                                                                                                                                                                                                      react-hooks/exhaustive-deps
  Line 273:13:   'direction' is assigned a value but never used                                                                                                                                                                                                                                                                                                no-unused-vars
  Line 291:21:   'tmp' is assigned a value but never used                                                                                                                                                                                                                                                                                                      no-unused-vars
  Line 352:8:    React Hook useEffect has missing dependencies: 'props.googleCalendarDict' and 'token'. Either include them or remove the dependency array                                                                                                                                                                                                     react-hooks/exhaustive-deps
  Line 426:8:    React Hook useEffect has missing dependencies: 'perTradeCapital' and 'props.googleCalendarDict'. Either include them or remove the dependency array. Mutable values like 'selectedExpiration.current' aren't valid dependencies because mutating them doesn't re-render the component                                                         react-hooks/exhaustive-deps
  Line 749:8:    React Hook useEffect has missing dependencies: 'displayedPositionSymbols', 'marketOpen', 'process_streaming_line', and 'props.switchStreamingQuotes'. Either include them or remove the dependency array. Mutable values like 'selectedCreditSpread.current' aren't valid dependencies because mutating them doesn't re-render the component  react-hooks/exhaustive-deps
  Line 803:21:   'last_update_time' is assigned a value but never used                                                                                                                                                                                                                                                                                         no-unused-vars
  Line 806:45:   Expected '!==' and instead saw '!='                                                                                                                                                                                                                                                                                                           eqeqeq
  Line 833:8:    React Hook useEffect has a missing dependency: 'props.switchStreamingAccount'. Either include it or remove the dependency array. Mutable values like 'selectedCreditSpread.current' aren't valid dependencies because mutating them doesn't re-render the component                                                                           react-hooks/exhaustive-deps
  Line 885:8:    React Hook useEffect has missing dependencies: 'props.googleCalendarDict' and 'token'. Either include them or remove the dependency array                                                                                                                                                                                                     react-hooks/exhaustive-deps
  Line 885:23:   React Hook useEffect has a complex expression in the dependency array. Extract it to a separate variable so it can be statically checked                                                                                                                                                                                                      react-hooks/exhaustive-deps
  Line 972:8:    React Hook useEffect has missing dependencies: 'displayedPositionIndex', 'props.googleCalendarDict', and 'token'. Either include them or remove the dependency array. You can also replace multiple useState variables with useReducer if 'SetDisplayedPositionNumContracts' needs the current value of 'displayedPositionIndex'              react-hooks/exhaustive-deps
  Line 1010:25:  'side1' is assigned a value but never used                                                                                                                                                                                                                                                                                                    no-unused-vars
  Line 1015:25:  'cs_price' is assigned a value but never used                                                                                                                                                                                                                                                                                                 no-unused-vars
  Line 1026:8:   React Hook useEffect has missing dependencies: 'token' and 'tradeOrders'. Either include them or remove the dependency array                                                                                                                                                                                                                  react-hooks/exhaustive-deps
  Line 1167:8:   React Hook useEffect has missing dependencies: 'token' and 'tradePositions'. Either include them or remove the dependency array                                                                                                                                                                                                               react-hooks/exhaustive-deps
  Line 1203:8:   React Hook useEffect has missing dependencies: 'creditSpreadPriceList', 'numContracts', and 'spreadPrice'. Either include them or remove the dependency array. Mutable values like 'selectedCreditSpread.current' aren't valid dependencies because mutating them doesn't re-render the component                                             react-hooks/exhaustive-deps
  Line 1203:9:   React Hook useEffect has a spread element in its dependency array. This means we can't statically verify whether you've passed the correct dependencies                                                                                                                                                                                       react-hooks/exhaustive-deps
  Line 1203:65:  React Hook useEffect has a complex expression in the dependency array. Extract it to a separate variable so it can be statically checked                                                                                                                                                                                                      react-hooks/exhaustive-deps
  Line 1630:13:  'content' is defined but never used                                                                                                                                                                                                                                                                                                           no-unused-vars
  Line 1730:13:  'title' is assigned a value but never used                                                                                                                                                                                                                                                                                                    no-unused-vars

src/components/TradeInstrumentReport.js
  Line 10:28:   'useState' is defined but never used                     no-unused-vars
  Line 10:50:   'useRef' is defined but never used                       no-unused-vars
  Line 13:8:    'CheckBox' is defined but never used                     no-unused-vars
  Line 15:10:   'getAllEventTimes' is defined but never used             no-unused-vars
  Line 16:8:    'SelectBox' is defined but never used                    no-unused-vars
  Line 18:10:   'getCookie' is defined but never used                    no-unused-vars
  Line 18:21:   'setCookie' is defined but never used                    no-unused-vars
  Line 27:33:   'tableTitleTextSize' is assigned a value but never used  no-unused-vars
  Line 27:58:   'resourceObj' is assigned a value but never used         no-unused-vars
  Line 27:71:   'globalTextSize' is assigned a value but never used      no-unused-vars
  Line 27:87:   'infoTextSize' is assigned a value but never used        no-unused-vars
  Line 27:101:  'loggedinUser' is assigned a value but never used        no-unused-vars
  Line 27:115:  'token' is assigned a value but never used               no-unused-vars
  Line 50:14:   'createGCdict' is defined but never used                 no-unused-vars

src/components/VisualTable.js
  Line 160:8:  React Hook useEffect has missing dependencies: 'props.filter', 'props.icons', 'rdd.isMobile', 'tc.statLabelBg', 'tc.statValueBg', and 'tc.text'. Either include them or remove the dependency array  react-hooks/exhaustive-deps

src/components/VisualTableDesc.js
  Line 1:1:    Unexpected Unicode BOM (Byte Order Mark)                                                                                                                                                                                                                                                                    unicode-bom
  Line 9:72:   'customYearsDesc' is defined but never used                                                                                                                                                                                                                                                                 no-unused-vars
  Line 10:10:  'getCurrentRealtimeLastPrice' is defined but never used                                                                                                                                                                                                                                                     no-unused-vars
  Line 95:8:   React Hook useEffect has a missing dependency: 'props'. Either include it or remove the dependency array. However, 'props' will change when *any* prop changes, so the preferred fix is to destructure the 'props' object outside of the useEffect call and refer to those specific props inside useEffect  react-hooks/exhaustive-deps

src/components/WatchlistPopup.js
  Line 21:11:  'accentRed' is assigned a value but never used  no-unused-vars

src/components/WatchlistSettings.js
  Line 33:8:    React Hook useEffect has a missing dependency: 'props'. Either include it or remove the dependency array. However, 'props' will change when *any* prop changes, so the preferred fix is to destructure the 'props' object outside of the useEffect call and refer to those specific props inside useEffect  react-hooks/exhaustive-deps
  Line 74:12:   'csvParsedSymbols' is assigned a value but never used                                                                                                                                                                                                                                                       no-unused-vars
  Line 160:11:  'allMergedIds' is assigned a value but never used                                                                                                                                                                                                                                                           no-unused-vars
  Line 198:11:  'getSelectedWatchlistResource' is assigned a value but never used                                                                                                                                                                                                                                           no-unused-vars
  Line 214:8:   React Hook useEffect has missing dependencies: 'fetchItems', 'props.watchlists', 'selResourceGroup', 'selWatchlist', and 'watchlistResourceList'. Either include them or remove the dependency array                                                                                                        react-hooks/exhaustive-deps

src/components/YearsRangePopup.js
  Line 21:11:  'accentRed' is assigned a value but never used  no-unused-vars

src/components/opportunityFilters.js
  Line 1:1:  Unexpected Unicode BOM (Byte Order Mark)  unicode-bom

src/components/opportunityMLSource.js
  Line 1:1:  Unexpected Unicode BOM (Byte Order Mark)  unicode-bom

src/components/realtimePrices.js
  Line 1:1:  Unexpected Unicode BOM (Byte Order Mark)  unicode-bom

src/components/viewerCycleState.js
  Line 1:1:  Unexpected Unicode BOM (Byte Order Mark)  unicode-bom

Search for the keywords to learn more about each warning.
To ignore, add // eslint-disable-next-line to the line before.

File sizes after gzip:

  487.89 kB  build/static/js/main.0ee1de72.js
  46.33 kB   build/static/js/322.a0dc03eb.chunk.js
  14.52 kB   build/static/css/main.9e70f4b0.css
  11.04 kB   build/static/js/129.6830be97.chunk.js
  1.62 kB    build/static/js/159.4ef55f9a.chunk.js
  799 B      build/static/css/129.3bcee188.chunk.css

The project was built assuming it is hosted at /app/.
You can control this with the homepage field in your package.json.

The build folder is ready to be deployed.

Find out more about deployment here:

  https://cra.link/deployment

React release built for fce41885ec8fbdc70fabc1fb56bde38c98339396
